Artista;Año;Género F/M/Mixto;Grupo/solista;Género musical;Nacionalidad
Marc Anthony ;2025;Hombre;Solista;Salsa;Estados Unidos/ Puerto Rico
Bacilos;2025;Hombre;Grupo;Pop Latino;Estados Unidos
Myriam Hernandez;2025;Mujer;Solista ;Balada Romántica;Chile
Ha*Ash;2025;Mujer;Duo;Pop  ;México
Morat ;2025;Hombre;Grupo;Pop  Latino;Colombia
Sebastian Yatra;2025;Hombre;Solista;Pop Latino ;Colombia
Carlos Vives;2025;Hombre;Solista;Pop tropical;Colombia
Carín Leon;2025;Hombre;Solista;Regional Mexicana;México
Incubus;2025;Mixto;Grupo;Rock Alternativo;EEUU
The Cult;2025;Hombre;Grupo;Hard rock;Reino Unido
Duki;2025;Hombre;Solista;Trap;Argentina
Eladio Carrion;2025;Hombre;Solista;Trap;Puerto Rico
Kid Voodoo;2025;Hombre;Solista;Urbano;Chile
Alejandro Sanz;2024;Hombre;Solista;Balada romántica;España
Manuel Turizo;2024;Hombre;Solista;Urbano ;Colombia
Andrea Bocelli;2024;Hombre;Solista;Clásica ;Italia
MIRANDA!;2024;Mixto;Duo;Electropop;Argentina
Maná;2024;Hombre;Grupo;Rock  ;México
Men at Work;2024;Hombre;Grupo;Pop ;Australia
Mora ;2024;Hombre;Solista;Urbano;Puerto Rico
Anitta;2024;Mujer;Solista;Pop funk ;Brasil
Los Bunkers;2024;Hombre;Grupo;Rock  Alternativo;Chile
Young Cister;2024;Hombre;Solista;Urbano;Chile
Trueno;2024;Hombre;Solista;Hip Hop / Rap;Argentina
Maria Becerra;2024;Mujer;Solista;Pop ;Argentina
Karol G;2023;Mujer;Solista;Urbano ;Colombia
Paloma Mami;2023;Mujer;Solista;Urbano ;Chile
Tini;2023;Mujer;Solista;Pop ;Argentina
Emilia;2023;Mujer;Solista;Pop ;Argentina
Alejandro Fernandez;2023;Hombre;Solista;Ranchera / pop latino;México
Los Jaivas;2023;Mixto;Grupo;Rock folclórico;Chile
Fito Paez;2023;Hombre;Solista;Rock;Argentina
Rels B;2023;Hombre;Solista;Urbano;España
Christina Aguilera;2023;Mujer;Solista;Pop;Estados Unidos
Polima Wescoast;2023;Hombre;Solista;Trap;Chile
Camilo;2023;Hombre;Solista;Pop ;Colombia
Nicki Nicole;2023;Mujer;Solista;Urbano;Argentina
Ricky Martin;2020;Hombre;Solista;Pop  Latino;Puerto Rico
Pedro Capó;2020;Hombre;Solista;Pop romántico;Puerto Rico
Mon Laferte;2020;Mujer;Solista;Pop / balada / rock alternativo;Chile
Francisca Valenzuela;2020;Mujer;Solista;Pop rock;Chile
Ana gabriel;2020;Mujer;Solista;Pop latino / balada romántica / ranchera;México
Pimpinela;2020;Mixto;Duo;Pop ;Argentina
Pablo Alborán;2020;Hombre;Solista;Pop ;España
Luciano Pereyra;2020;Hombre;Solista;Pop ;Argentina
Maroon 5;2020;Hombre;Grupo;Pop rock;Estados Unidos
Alexandre Pires;2020;Hombre;Solista;Pagode;Brasil
Ozuna;2020;Hombre;Solista;Reggaeton;Puerto Rico
Denise Rosenthal ;2020;Mujer;Solista;Pop latino;Chile
Noche de Brujas ;2020;Hombre;Grupo;Cumbia;Chile
Wisin & Yandel;2019;Hombre;Duo;Reggaeton;Puerto Rico
Sebastian Yatra;2019;Hombre;Solista;Pop latino;Colombia
Raphael;2019;Hombre;Solista;Balada;España
Yuri;2019;Mujer;Solista;Pop latino;México
Marc Anthony ;2019;Hombre;Solista;Salsa;Estados Unidos/ Puerto Rico
David Bisbal;2019;Hombre;Solista;Pop;España
Marco Antonio Solis ;2019;Hombre;Solista;Balada Romántica / pop;México
Carlos Rivera;2019;Hombre;Solista;Pop balada;México
Backstreet Boys;2019;Hombre;Grupo;Pop;Estados Unidos
Cami;2019;Mujer;Solista;Folk / soul / pop;Chile
Bad Bunny;2019;Hombre;Solista;Reggaeton / trap;Puerto Rico
Becky G;2019;Mujer;Solista;Reggaeton;Estados Unidos
Ricky Martin;2019;Hombre;Solista;Pop latino;Puerto Rico
Miguel Bosé ;2018;Hombre;Solista;Pop / baladas;España
Illapu;2018;Hombre;Grupo;Música andina / fusión latinoamericana;Chile
Luis Fonsi;2018;Hombre;Solista;Pop latino;Puerto Rico
Gente de Zona;2018;Hombre;Duo;Urbano;Cuba
Jamiroquai;2018;Hombre;Grupo;Fuk / acid jazz;Reino Unido
Europe ;2018;Hombre;Grupo;Hard rock;Suecia
Jesse & Joy;2018;Mixto;Duo;Pop;México
Prince Royce ;2018;Hombre;Solista;Bachata;Estados Unidos
Carlos Vives;2018;Hombre;Solista;Pop tropical;Colombia
Ha*Ash;2018;Mujer;Duo;Pop;México
CNCO;2018;Hombre;Grupo;Reggaeton / pop latino;Estados Unidos (ahí se crearon)
Augusto Schuster ;2018;Hombre;Solista;Pop;Chile
Zion & Lennox;2018;Hombre;Duo;Reggeaton;Puerto Rico
Los Fabulosos Cadillacs;2017;Hombre;Grupo;Ska;Argentina
Los Auténticos Decadentes ;2017;Hombre;Grupo;Rock / ska;Argentina
Sin Bandera;2017;Hombre;Duo;Pop / baladas / ranchera ;México
Camila;2017;Hombre;Grupo;Pop rock;México
Isabel Pantoja ;2017;Mujer;Solista;Copla / flamenco / pop;España
Río Roma;2017;Hombre;Duo;Pop latino;México
Olivia Newton-John;2017;Mujer;Solista;Pop;Australia
Peter Cetera;2017;Hombre;Solista;Rock;Estados Unidos 
Maluma;2017;Hombre;Solista;Reggaeton / urbano;Colombia
Américo;2017;Hombre;Solista;Cumbia tropical ;Chile
J Balvin;2017;Hombre;Solista;Reggaeton;Colombia
Lali Esposito;2017;Mujer;Solista;Pop;Argentina
Mon Laferte;2017;Mujer;Solista;Pop / balada / rock alternativo;Chile
Márama y Rombai;2017;Mixto;Grupo;Cumbia pop;Uruaguay 
Marco Antonio Solis ;2016;Hombre;Solista;Balada Romántica / pop;México
Ricardo Montaner;2016;Hombre;Solista;Balada romántica;Venezuela
Eros Ramazzotti;2016;Hombre;Solista;Pop rock;Italia
Ana Torroja;2016;Mujer;Solista;Pop;España
Alejandro Sanz ;2016;Hombre;Solista;Balada romántica;España
Luis Jara;2016;Hombre;Solista;Romántico;Chile
Lionel Richie ;2016;Hombre;Solista;Pop / soul / R&B;Estados Unidos
Rick Astley;2016;Hombre;Solista;Pop;Reino Unido
Pablo Alborán;2016;Hombre;Solista;Pop;España
Nicky Jam;2016;Hombre;Solista;Reggaeton;Estados Unidos
Wisin ;2016;Hombre;Solista;Reggaeton;Puerto Rico
Don Omar ;2016;Hombre;Solista;Reggaeton;Puerto Rico
Luis Fonsi;2015;Hombre;Solista;Pop latino;Puerto Rico
Yandel;2015;Hombre;Solista;Reggaeton;Puerto Rico
Ricardo Arjona ;2015;Hombre;Solista;Pop latino;Guatemala
Reik ;2015;Hombre;Grupo;Pop latino;México
Alejandro Fernández ;2015;Hombre;Solista;Ranchera / pop latino;México
Nicole;2015;Mujer;Solista;Pop rock;Chile
Emmanuel ;2015;Hombre;Solista;Balada romántica;México
Vicentico;2015;Hombre;Solista;Rock pop;Argentina
Pedro Aznar;2015;Hombre;Solista;Rock / jazz;Argentina
Cultura Profética ;2015;Hombre;Grupo;Reggae / salsa / hip hop / jazz;Puerto Rico
Romeo Santos ;2015;Hombre;Solista;Bachata;Estados Unidos 
Noche de Brujas ;2015;Hombre;Grupo;Cumbia ;Chile
Yusuf Cat Stevens ;2015;Hombre;Solista;Folk / rock / pop;Reino Unido
Nano Stern ;2015;Hombre;Solista;Jazz / trova / folk / rock ;Chile
Óscar D'León ;2015;Hombre;Solista;Salsa;Venezuela
Ricky Martin ;2014;Hombre;Solista;Pop latino;Puerto Rico
Los Tres;2014;Hombre;Grupo;Rock;Chile
Laura Pausini;2014;Mujer;Solista;Pop rock / balada ;Italia 
Fito Páez;2014;Hombre;Solista;Rock;Argentina
Ana Gabriel ;2014;Mujer;Solista;Pop latino / balada romántica / ranchera;México
Raphael;2014;Hombre;Solista;Balada;España
La Ley;2014;Hombre;Grupo;Rock;Chile
Carlos Vives ;2014;Hombre;Solista;Pop tropical;Colombia
Gepe;2014;Hombre;Solista;Folclore / pop;Chile
Yandar & Yostin;2014;Hombre;Duo;Reggaeton urbano;Colombia
Rod Stewart ;2014;Hombre;Solista;Rock ;Inglaterra
Paloma San Basilio ;2014;Mujer;Solista;Balada / copla;España
La Sonora Palacios  ;2014;Hombre;Grupo;Cumbia ;Chile
Jesse & Joy;2014;Mixto;Duo;Pop;México
Melendi;2014;Hombre;Solista;Pop;España
Tommy Torres;2014;Hombre;Solista;Pop;Puerto Rico
Alexis & Fido;2014;Hombre;Duo;Reggaeton;Puerto Rico
Maná;2013;Hombre;Grupo;Rock;México
Chino & Nacho;2013;Hombre;Duo;Pop latino / reggaeton;Venezuela
Romeo Santos ;2013;Hombre;Solista;Bachata;Estados Unidos
Daddy Yankee;2013;Hombre;Solista;Reggaeton;Puerto Rico
Miguel Bosé ;2013;Hombre;Solista;Pop / baladas;España
Jonas Brothers;2013;Hombre;Grupo;Pop;Estados Unidos
31 Minutos;2013;Mixto;Grupo;Rock / funk / folclore / electrónica;Chile
Francisca Valenzuela ;2013;Mujer;Solista;Pop rock;Chile
Jorge González;2013;Hombre;Solista;Pop rock;Chile
Elton John ;2013;Hombre;Solista;Rock / pop;Inglaterra
Albert Hammond;2013;Hombre;Solista;Pop;Reino Unido
La Sonora de Tommy Rey ;2013;Hombre;Grupo;Cumbia ;Chile
Wisin & Yandel ;2013;Hombre;Duo;Reggaeton;Puerto Rico
Gloria Trevi;2013;Mujer;Solista;Pop latino / rock;México
Pablo Alborán;2013;Hombre;Solista;Pop;España
Los Auténticos Decadentes ;2013;Hombre;Grupo;Rock / ska;Argentina
Diego Torres;2012;Hombre;Solista;Pop latino;Argentina
Luis Miguel ;2012;Hombre;Solista;Pop latino / bolero / marichi;México
Camila;2012;Hombre;Grupo;Pop rock;México
Marc Anthony ;2012;Hombre;Solista;Salsa;Estados Unidos/ Puerto Rico
Daniel Muñoz;2012;Hombre;Solista;Cueca urbana ;Chile
Salvatore Adamo ;2012;Hombre;Solista;Balada Romántica / pop;Italia / Bélgica
Morrissey ;2012;Hombre;Solista;Rock alternativo;Inglaterra
Los Bunkers;2012;Hombre;Grupo;Rock alternativo;Chile
Manuel García;2012;Hombre;Solista;Rock / trova / folk;Chile
Garras de Amor;2012;Hombre;Grupo;Cumbia Romántica;Argentina
Ráfaga ;2012;Hombre;Grupo;Cumbia ;Argentina
Luis Fonsi ;2012;Hombre;Solista;Pop latino;Puerto Rico
Rosana ;2012;Mujer;Solista;Pop latino / folk pop;España
Prince Royce ;2012;Hombre;Solista;Bachata;Estados Unidos
José Luis Perales ;2012;Hombre;Solista;Balada / jazz;España
Juan Luis Guerra;2012;Hombre;Solista;Bachata;República Dominicana
Roberto Carlos;2011;Hombre;Solista;Balada / rock / bossa nova;Brasil
Yuri;2011;Mujer;Solista;Pop latino;México
Américo;2011;Hombre;Solista;Cumbia tropical ;Chile
Aventura;2011;Hombre;Grupo;Bachata;República Dominicana
Marco Antonio Solis;2011;Hombre;Solista;Balada Romántica / pop;México
Calle 13 ;2011;Mixto;Grupo;Rap fusión latino;Puerto Rico
Chayanne;2011;Hombre;Solista;Pop latino;Puerto Rico
Carlos Baute;2011;Hombre;Solista;Pop;Venezuela
Pitbull;2011;Hombre;Solista;Hip hop / reggaeton;Estados Unidos
Sting;2011;Hombre;Solista;Pop rock;Reino Unido
Los Jaivas;2011;Mixto;Grupo;Rock folclórico;Chile
Alejandro Sanz;2011;Hombre;Solista;Balada romántica;España
Noel Schajris;2011;Hombre;Solista;Pop latino / balada romántica;Argentina / México
Villa Cariño y Los Vikings 5;2011;Hombre;Grupo;Cumbia ;Chile
Reik;2010;Hombre;Grupo;Pop latino;México
Don Omar ;2010;Hombre;Solista;Reggaeton;Puerto Rico
Raphael;2010;Hombre;Solista;Balada;España
Miranda!;2010;Mixto;Duo;Electropop;Argentina / México
Américo;2010;Hombre;Solista;Cumbia tropical ;Chile
Paul Anka;2010;Hombre;Solista;Pop / jazz;Canadá
Tito el Bambino;2010;Hombre;Solista;Reggaeton;Puerto Rico
La Noche ;2010;Hombre;Grupo;Tropical / cumbia ;Chile
Ricardo Arjona;2010;Hombre;Solista;Pop latino ;Guatemala
Fanny Lu;2010;Mujer;Solista;Pop latino / tropipop;Colombia 
Joan Manuel Serrat;2009;Hombre;Solista;Folk / pop melódico;España
La Noche ;2009;Hombre;Grupo;Tropical / cumbia ;Chile
Juanes ;2009;Hombre;Solista;Pop latino / rock;Colombia 
Camila;2009;Hombre;Grupo;Pop rock;México
Fernando Ubiergo;2009;Hombre;Solista;Nueva canción chilena / balada;Chile
K.C and the Sunshine Band;2009;Mixto;Grupo;Funk / disco;Estados Unidos
Carlos Santana;2009;Hombre;Solista;Rock / música latina;México
Roger Hodgson;2009;Hombre;Solista;Rock progresivo;Inglaterra
Simply Red;2009;Hombre;Grupo;Soul / pop;Inglaterra
Paolo Meneguzzi;2009;Hombre;Solista;Pop ;Suiza
R.K.M . & Ken-Y;2009;Hombre;Duo;Reggaeton;Puerto Rico
Luis Fonsi;2009;Hombre;Solista;Pop latino;Puerto Rico
Daddy Yankee;2009;Hombre;Solista;Reggaeton;Puerto Rico
Natalino ;2009;Hombre;Solista;Balada pop romántica ;Chile
Marc Anthony;2009;Hombre;Solista;Salsa;Estados Unidos / Puerto Rico
Miguel Bosé;2008;Hombre;Solista;Pop / baladas;España
Six Pack (Karkú);2008;Mixto;Grupo;Pop;Chile
Earth, Wind & Fire;2008;Hombre;Grupo;Funk / soul / disco;Estados Unidos
Journey;2008;Hombre;Grupo;Rock;Estados Unidos 
Sinergia;2008;Hombre;Grupo;Metal alternativo;Chile
Peter Frampton;2008;Hombre;Solista;Rock;Inglaterra
Franco De Vita;2008;Hombre;Solista;Pop latino;Venezuela
Nelly Furtado;2008;Mujer;Solista;Pop / R&B ;Canadá
Amango;2008;Mixto;Grupo;Pop;Chile
Calle 13 ;2008;Mixto;Grupo;Rap fusión latino;Puerto Rico
Marco Antonio Solis;2008;Hombre;Solista;Balada Romántica / pop;México
Coti;2008;Hombre;Solista;Pop rock;Argentina 
Vicentico;2008;Hombre;Solista;Rock pop;Argentina 
Chayanne;2008;Hombre;Solista;Pop latino;Puerto Rico
Buddy Richard;2008;Hombre;Solista;Nueva ola / balada / rock;Chile
Wisin & Yandel ;2008;Hombre;Duo;Reggaeton;Puerto Rico
La oreja de Van Gogh;2007;Mixto;Grupo;Pop rock;España
Bacilos;2007;Hombre;Grupo;Pop latino ;Estados Unidos
Tom Jones;2007;Hombre;Solista;Pop / R&B / soul;Inglaterra
Mario Guerrero ;2007;Hombre;Solista;Baladas / pop ;Chile
Los Bunkers;2007;Hombre;Grupo;Rock alternativo;Chile
Gustavo Cerati;2007;Hombre;Solista;Rock / pop;Argentina
Ana Torroja;2007;Mujer;Solista;Pop;España
Kudai;2007;Mixto;Grupo;Pop rock;Chile
Los tres;2007;Hombre;Grupo;Rock;Chile
Fito Páez;2007;Hombre;Solista;Rock;Argentina
Bryan Adams;2007;Hombre;Solista;Hard rock / pop rock;Canadá
Luis Jara;2007;Hombre;Solista;Romántico;Chile
Lucybell;2007;Hombre;Grupo;Rock;Chile
Ricky Martin ;2007;Hombre;Solista;Pop latino;Puerto Rico
Axel;2007;Hombre;Solista;Balada Romántica / pop latino;Argentina
Don Omar ;2007;Hombre;Solista;Reggaeton;Puerto Rico
Juan Luis Guerra;2006;Hombre;Solista;Bachata;República Dominicana
Andy & Lucas;2006;Hombre;Duo;Pop / flamenco;España
Miranda!;2006;Mixto;Duo;Electropop;Argentina
Jose Feliciano;2006;Hombre;Solista;Pop latino / bolero ;Puerto Rico / Estados Unidos
Sin Bandera;2006;Hombre;Grupo;Pop / baladas / ranchera;México
Illapu;2006;Hombre;Grupo;Música andina / fusión latinoamericana;Chile
A-ha;2006;Hombre;Grupo;Pop rock;Noruega
Los tigres del norte;2006;Hombre;Grupo;Regional mexicana ;México
Javier Estrada;2006;Hombre;Solista;Pop / rock / baladas románticas ;España
Chancho en Piedra;2006;Hombre;Grupo;Rock alternativo;Chile
Kansas;2006;Hombre;Grupo;Rock progresivo / hard rock;Estados Unidos
Joe Vasconcellos;2006;Hombre;Solista;Pop rock;Chile
Alejandro Fernández ;2006;Hombre;Solista;Ranchera / pop latino;México
Amaral;2006;Mixto;Grupo;Folk rock / pop rock;España
Daddy Yankee;2006;Hombre;Solista;Reggaeton;Puerto Rico
Franz Ferdinand;2006;Mixto;Grupo;Indie Rock;Escocia
David DeMaría;2006;Hombre;Solista;Pop rock;España
La gran sonora de Chile;2006;Hombre;Grupo;Cumbia;Chile
Juanes ;2005;Hombre;Solista;Pop latino / rock;Colombia
La oreja de Van Gogh;2005;Mixto;Grupo;Pop rock;España
La Sonora Palacios  ;2005;Hombre;Grupo;Cumbia;Chile
Paulina Rubio;2005;Mujer;Solista;Pop latino ;México
Raphael;2005;Hombre;Solista;Balada;España
Babasonicos;2005;Hombre;Grupo;Pop rock;Argentina
Alberto Plaza;2005;Hombre;Solista;Trova romántica / balada ;Chile
Los hermanos Bustos;2005;Hombre;Duo;Ranchera;Chile
Congreso;2005;Hombre;Grupo;Fusión latinomaricana;Chile
Lucybell;2005;Hombre;Grupo;Rock;Chile
La Ley;2005;Mixto;Grupo;Rock;Chile
Julieta Venegas;2005;Mujer;Solista;Rock alternativo;México
Alexandre Pires;2005;Hombre;Solista;Pagode;Brasil
Café Tacuba;2005;Hombre;Grupo;Rock alternativo / folk;México
Miguel Bosé ;2005;Hombre;Solista;Pop / baladas;España
Obie bermúdez;2005;Hombre;Solista;Pop latino / salsa;Puerto Rico
David Bisbal;2005;Hombre;Solista;Pop;España
The orchestra;2005;Hombre;Grupo;Rock;Inglaterra
Marco Antonio Solis;2005;Hombre;Solista;Balada Romántica / pop;México
Fey;2005;Mujer;Solista;Pop / electrónica;México
Diego Torres;2005;Hombre;Solista;Pop latino;Argentina
Los Auténticos Decadentes ;2005;Hombre;Grupo;Rock / ska;Argentina
Cristian Castro;2004;Hombre;Solista;Balada romántica ;México
Soraya;2004;Mujer;Solista;Pop latino;Colombia
Umberto Tozzi;2004;Hombre;Solista;Pop rock;Italia
La Sonora de Tommy Rey ;2004;Hombre;Grupo;Cumbia;Chile
Marciano;2004;Hombre;Duo;Música electrónica;Chile
Camilo Sesto;2004;Hombre;Solista;Balada romántica / pop / rock;España
Douglas;2004;Hombre;Solista;Bachata / balada romántica;Chile
Bacilos;2004;Hombre;Grupo;Pop latino ;Estados Unidos
Chancho en Piedra;2004;Hombre;Grupo;Rock alternativo;Chile
Toto;2004;Hombre;Grupo;Rock;Estados Unidos
Juan Gabriel;2004;Hombre;Solista;Mariachi / bolero / balada;México
Alex Ubago;2004;Hombre;Solista;Pop rock / balada moderna ;España
Ximena Abarca;2004;Mujer;Solista;Pop;Chile
Canal Magdalena;2004;Hombre;Grupo;Pop rock;Chile
Maria Jose Quintanilla;2004;Mujer;Solista;Ranchera / pop / balada ;Chile
Intii-Illimani;2004;Hombre;Grupo;Nueva canción chilena ;Chile
Tito Fernández ;2004;Hombre;Solista;Nueva canción chilena / folclore ;Chile
Pettinellis;2004;Hombre;Grupo;Rock ;Chile
Salvatore Adamo ;2004;Hombre;Solista;Balada Romántica / pop;Italia/ Bélgica
Luis Fonsi;2004;Hombre;Solista;Pop latino;Puerto Rico
Fito Páez;2004;Hombre;Solista;Rock;Argentina
Molotov;2004;Hombre;Grupo;Punk rock;México
Ricardo Arjona;2004;Hombre;Solista;Pop latino;Guatemala
DJ Méndez;2004;Hombre;Solista;Rap / urbano / hip hop;Chile
Jarabe de palo;2004;Hombre;Grupo;Rock;España
Safri Duo;2004;Hombre;Grupo;Música electrónica / trance ;Dinamarca
Maná;2003;Hombre;Grupo;Rock;México
Kool & the Gang;2003;Hombre;Grupo;R&B / soul / funk ;Estados Unidos
Diego Torres;2003;Hombre;Solista;Pop latino;Argentina
Juanes ;2003;Hombre;Solista;Pop latino / rock;Colombia
Porto Bahía;2003;Mixto;Grupo;Ritmos brasileños y latinos ;Brasil / Chile
Lucybell;2003;Hombre;Grupo;Rock;Chile
INXS;2003;Hombre;Grupo;Rock alternativo / new wave ;Australia
David Bisbal;2003;Hombre;Solista;Pop;España
Rosario;2003;Mujer;Solista;Pop / rock / flamenco;España
Gondwana;2003;Hombre;Grupo;Reggae;Chile
Joe Vasconcellos;2003;Hombre;Solista;Pop rock;Chile
Los prisioneros;2003;Hombre;Grupo;Rock;Chile
Charly García;2003;Hombre;Solista;Rock / pop / jazz;Argentina
Los Nocheros;2003;Hombre;Grupo;Balada folclórica;Argentina
Franco Simone;2003;Hombre;Solista;Pop / balada romántica ;Italia
Café con leche;2003;Hombre;Grupo;Axé;Chile / Brasil
Ricardo Montaner;2003;Hombre;Solista;Balada romántica;Venezuela
Luis Jara;2003;Hombre;Solista;Romántico;Chile
Sandy & Junior;2003;Mixto;Duo;Pop;Brasil
Los Ilegales;2003;Hombre;Grupo;Latino / tropical;República Domicana 
Cristian Castro;2002;Hombre;Solista;Balada romántica ;México
As meninas;2002;Mujer;Grupo;Axé / pop;Brasil
Sergio Dalma;2002;Hombre;Solista;Pop;España
Chocolate y nietos del futuro;2002;Hombre;Grupo;Plena rioplatense;Uruguay
Paulina Rubio;2002;Mujer;Solista;Pop latino;México
Melody;2002;Mujer;Solista;Pop latino / flamenco;España
Axé Bahía;2002;Mixto;Grupo;Axé / europop;Brasil
Ricardo Montaner;2002;Hombre;Solista;Balada romántica;Venezuela
Piero;2002;Hombre;Solista;Trova / rock;Argentina / Italia 
DJ Méndez;2002;Hombre;Solista;Rap / urbano / hip hop;Chile 
La Ley;2002;Mixto;Grupo;Rock;Chile 
Javiera y los imposibles;2002;Mixto;Grupo;Pop rock;Chile 
Tito Fernández ;2002;Hombre;Solista;Nueva canción chilena / folclore ;Chile 
Lucho Gatica;2002;Hombre;Solista;Bolero;Chile 
Buddy Richard;2002;Hombre;Solista;Nueva ola / balada / rock;Chile 
Illapu;2002;Hombre;Grupo;Música andina / fusión latinoamericana;Chile 
Natalia oreiro;2002;Mujer;Solista;Pop latino / dance ;Uruguay
German Casas ;2002;Hombre;Solista;Rock and roll / twist;Chile 
Juan Gabriel;2002;Hombre;Solista;Mariachi / bolero / balada;México
Los Auténticos Decadentes ;2002;Hombre;Grupo;Rock / ska;Argentina
Chayanne;2002;Hombre;Solista;Pop latino;Puerto Rico
Soledad Pastorutti;2002;Mujer;Solista;Folclore argentino / pop;Argentina
Patricia Manterola;2002;Mujer;Solista;Latino;México
Los Jaivas;2002;Mixto;Grupo;Rock folclórico;Chile
Cecilia Echenique;2002;Mujer;Solista;Pop latino / balada romántica;Chile
Myriam Hernandez;2002;Mujer;Solista;Balada romántica;Chile
Fito Páez;2002;Hombre;Solista;Rock;Argentina
Raúl;2002;Hombre;Solista;Pop / balda / disco;España
Victor Heredia;2002;Hombre;Solista;Trova / canción protesta;Argentina
Pedro Fernandez;2001;Hombre;Solista;Ranchera;México
Peabo Bryson;2001;Hombre;Solista;Soul / urban / R&B;Estados Unidos
Bond;2001;Mujer;Grupo;Crossover clásico / electrónica ;Inglaterra / Australia
Vengaboys;2001;Mixto;Grupo;Eurodance / pop;Países Bajos
Ricardo Arjona;2001;Hombre;Solista;Pop latino;Guatemala
Lucero;2001;Mujer;Solista;Pop latino / balada / ranchera;México
La Ley;2001;Mixto;Grupo;Rock;Chile
Myriam Hernandez;2001;Mujer;Solista;Balada romántica;Chile
Douglas;2001;Hombre;Solista;Bachata / balada romántica;Chile
Palmenia Pizarro;2001;Mujer;Solista;Bolero / balada / ranchera ;Chile
Tito Fernández ;2001;Hombre;Solista;Nueva canción chilena / folclore ;Chile
Gondwana;2001;Hombre;Grupo;Reggaeton;Chile
Alejandro Fernández ;2001;Hombre;Solista;Ranchera / pop latino;México
Natalia oreiro;2001;Mujer;Solista;Pop latino / eurodance;Uruguay
David Hasselhoff;2001;Hombre;Solista;Rock;Estados Unidos
Antonio Ríos;2001;Hombre;Solista;Cumbia / folclore;Argentina
Ana Torroja;2001;Mujer;Solista;Pop;España
Eva Ayllón;2001;Mujer;Solista;Música criolla / afroperuana;Perú
Lynda;2001;Mujer;Solista;Pop;México
La mosca Tsé-Tsé;2001;Hombre;Grupo;Pop latino y Rock;Argentina
Alejandro Sanz ;2001;Hombre;Solista;Balada romántica;España
Edith Márquez;2001;Mujer;Solista;Pop / ranchera;México
Fernando Ubiergo;2001;Hombre;Solista;Nueva canción chilena / balada;Chile
Ráfaga ;2001;Hombre;Grupo;Cumbia ;Argentina
Juan Luis Guerra;2000;Hombre;Grupo;Bachata;República Domicana 
A*Teens;2000;Mixto;Grupo;Pop ;Suecia
Fulanito;2000;Hombre;Grupo;Merengue ;Estados Unidos
Emmanuel;2000;Hombre;Solista;Balada romántica;México
Joe Vasconcellos;2000;Hombre;Solista;Pop rock;Chile
Elvis Crespo;2000;Hombre;Solista;Merengue;Puerto Rico
Chayanne;2000;Hombre;Solista;Pop latino;Puerto Rico
Juan Carlos Calderón;2000;Hombre;Solista;Pop;España
Luis Jara;2000;Hombre;Solista;Romántico;Chile
Celia Cruz;2000;Mujer;Solista;Salsa ;Cuba
Xuxa;2000;Mujer;Solista;Pop ;Brasil
Douglas;2000;Hombre;Solista;Bachata / balada romántica;Chile
Soledad Pastorutti;2000;Mujer;Solista;Folclore argentino / pop;Argentina
Ráfaga ;2000;Hombre;Grupo;Cumbia;Argentina
Enrique Iglesias;2000;Hombre;Solista;Pop latino;España
Pablo Herrera;2000;Hombre;Solista;Balada romántica;Chile
Lou Bega;2000;Hombre;Solista;Latino / mambo / jazz;Alemania
Cristian Castro;2000;Hombre;Solista;Balada romántica;México
Paulina Rubio;2000;Mujer;Solista;Pop latino;México
Hernaldo Zuñiga;2000;Hombre;Solista;Balada / trova ;Nicaragua 
Carlos Ponce ;2000;Hombre;Solista;Pop latino;Puerto Rico
José Alfredo Fuentes;2000;Hombre;Solista;La nueva ola / balada / pop;Chile
Duran Duran;2000;Hombre;Grupo;Pop rock;Inglaterra 
FIN DEL MILENIO;;;;;
Enrique Iglesias;1999;Hombre;Solista;Pop latino;España
Emma Shapplin;1999;Mujer;Solista;Pop operístico;Francia
El símbolo;1999;Hombre;Grupo;Pop latino ;Argentina
Ricardo Arjona;1999;Hombre;Solista;Pop latino;Guatemala
Ricardo Montaner;1999;Hombre;Solista;Balada romántica;Venezuela
Glup!;1999;Hombre;Grupo;Rock;Chile
Creedence Clearwater Revisited;1999;Hombre;Grupo;Rock;Estados Unidos
Só Para Contrariar;1999;Hombre;Grupo;Reggae / pagode / samba;Brasil
Charlie Zaa;1999;Hombre;Solista;Balada / bolero ;Colombia
Florcita Motuda;1999;Hombre;Solista;Beat / pop / funk;Chile
Chichi Peralta;1999;Hombre;Solista;Tropical;República Domicana 
Rosana;1999;Mujer;Solista;Pop latino / folk pop;España
Alvaro Scaramelli;1999;Hombre;Solista;Rock latino;Chile
Carlos Ponce ;1999;Hombre;Solista;Pop latino;Puerto Rico
Sandy & Papo;1999;Hombre;Duo;Merengue house / hip-hop;República Domicana 
Alberto Plaza;1999;Hombre;Solista;Trova romántica / balada ;Chile
Keko Yunge;1999;Hombre;Solista;Balada romántica;Chile
Ricardo Arjona;1999;Hombre;Solista;Pop latino;Guatemala
Charlie Zaa;1998;Hombre;Solista;Balada / bolero ;Colombia
Jordi;1998;Hombre;Solista;Electrónica / pop;España
Juan Gabriel;1998;Hombre;Solista;Mariachi / bolero / balada;México
Pedro Fernandez;1998;Hombre;Solista;Ranchera;México
Marta Sánchez;1998;Mujer;Solista;Pop / dance / R&B;España
Carlos Vives ;1998;Hombre;Solista;Pop tropical;Colombia
Paolo Meneguzzi;1998;Hombre;Solista;Pop;Suiza
Marco Antonio Solis;1998;Hombre;Solista;Balada romántica / pop;México
Lucybell;1998;Hombre;Grupo;Rock;Chile
Backstreet Boys;1998;Hombre;Grupo;Pop;Estados Unidos
Emanuel Ortega;1998;Hombre;Solista;Pop latino;Argentina
Comanche;1998;Hombre;Grupo;Cumbia romántica;Argentina
Eros Ramazzotti;1998;Hombre;Solista;Pop rock;Italia
Albert Hammond;1998;Hombre;Solista;Pop;Reino Unido
Skank;1998;Hombre;Grupo;Pop rock / Reggae;Brasil
Chayanne;1998;Hombre;Solista;Pop latino;Puerto Rico
Ariztía;1998;Hombre;Grupo;Pop;Chile
Los Ilegales;1998;Hombre;Grupo;Latino / tropical;República Domicana 
Shakira;1997;Mujer;Solista;Pop latino / reggaeton;Colombia
Fernando Ubiergo;1997;Hombre;Solista;Nueva canción chilena / balada;Chile
Miguel Bosé ;1997;Hombre;Solista;Pop / baladas;España
José Luis Perales;1997;Hombre;Solista;Balada / jazz;España
Thalía;1997;Mujer;Solista;Pop latino;México
No Mercy;1997;Hombre;Grupo;Pop / electrónica;Estados Unidos
Leandro y Leonardo;1997;Hombre;Duo;Música sertaneja;Brasil
Ambra;1997;Mujer;Solista;Europop;Italia
Los del Río;1997;Hombre;Duo;Sevillanas / rumba flamenca;España
Flavio César;1997;Hombre;Solista;Pop / música cristiana contemporánea;México
Los Pericos;1997;Hombre;Grupo;Reggae / ska;Argentina
Laura Pausini;1997;Mujer;Solista;Pop rock / balada;Italia
Ana Cirré;1997;Mujer;Solista;Pop latino / mariachi;México / España
Los Cantantes;1997;Hombre;Grupo;Merengue;República Dominicana
Victor Manuel;1997;Hombre;Solista;Pop / balada  ;España
Marco Llunas;1997;Hombre;Solista;Pop latino / balada romántica;España
Paolo Meneguzzi;1997;Hombre;Solista;Pop;Suiza
La sociedad;1997;Hombre;Duo;Pop latino / balada romántica;Chile
É o Tchan!;1997;Mixto;Grupo;Pagode baiano ;Brasil
Nacho Cano;1997;Hombre;Solista;Pop / instrumental ;España
Leonardo Favio;1997;Hombre;Solista;Balada ;Argentina
Juan Gabriel;1997;Hombre;Solista;Mariachi / bolero / balada;México
Carlos Vives ;1996;Hombre;Solista;Pop tropical;Colombia
Juan Gabriel;1996;Hombre;Solista;Mariachi / bolero / balada;México
Ricky Martin ;1996;Hombre;Solista;Pop latino;Puerto Rico
Fey;1996;Mujer;Solista;Pop / electrónica;México
Los Calzones Rotos;1996;Hombre;Grupo;Ska;Argentina
Nicole;1996;Mujer;Solista;Pop rock;Chile
Laura Branigan;1996;Mujer;Solista;Synth pop / pop;Estados Unidos
Luis Dimas;1996;Hombre;Solista;Nueva ola ;Chile
Café Tacuba;1996;Hombre;Grupo;Rock alternativo / folk;México
Los tres;1996;Hombre;Grupo;Rock;Chile
Andrés de León;1996;Hombre;Solista;Pop / balada;Chile
Diego Torres;1996;Hombre;Solista;Pop latino;Argentina
2 Unlimited;1996;Mixto;Duo;Eurodance;Bélgica
Gloria Simonetti;1996;Mujer;Solista;Balada;Chile
Maná;1996;Hombre;Grupo;Rock;México
Ace of Base;1996;Mixto;Grupo;Pop;Suecia
Illapu;1996;Hombre;Grupo;Música andina / fusión latinoamericana;Chile
Ricardo Arjona;1995;Hombre;Solista;Pop latino;Guatemala
Patricia Manterola;1995;Mujer;Solista;Latino ;México
Keko Yunge;1995;Hombre;Solista;Balada romántica;Chile
Inner Circle;1995;Hombre;Grupo;Reggae;Jamaica 
Alejandra Guzmán ;1995;Mujer;Solista;Rock latino ;México
Los Pericos;1995;Hombre;Grupo;Reggae / ska;Argentina
Los Iracundos;1995;Hombre;Grupo;Pop rock;Uruguay
Big Mountain;1995;Hombre;Grupo;Reggae;Estados Unidos
La Ley;1995;Mixto;Grupo;Rock;Chile
Lucio Dalla;1995;Hombre;Solista;Rock;Italia
King África;1995;Hombre;Grupo;Tropipop latino;Argentina
Jovanotti;1995;Hombre;Solista;Hip hop / rap / funk;Italia
Buddy Richard;1995;Hombre;Solista;Nueva ola / balada / rock;Chile
Aleste;1995;Hombre;Grupo;Pop rock;Chile
Yuri;1995;Mujer;Solista;Pop latino;México
Ana Gabriel;1995;Mujer;Solista;Pop latino / balada romántica / ranchera;México
Eduardo Palomo;1995;Hombre;Solista;Pop latino;México
Pablo Abraira;1995;Hombre;Solista;Pop latino / balada romántica;España
"José Luis Rodriguez ""El Puma""";1995;Hombre;Solista;Pop latino / balada / bolero;Venezuela
Donna Summer;1994;Mujer;Solista;Música disco;Estados Unidos
Alberto Plaza;1994;Hombre;Solista;Trova romántica / balada ;Chile
Plácido Domingo ;1994;Hombre;Solista;Ópera / zarzuela / música clásica;España
Hernaldo Zuñiga;1994;Hombre;Solista;Balada / trova ;Nicaragua
Ricky Martin ;1994;Hombre;Solista;Pop latino;Puerto Rico
Christina y Los Subterráneos;1994;Mixto;Grupo;Indie pop;España
Onda Vaselina;1994;Mixto;Grupo;Pop;México
Claudio Baglioni;1994;Hombre;Solista;Pop;Italia
La Ley;1994;Mixto;Grupo;Rock;Chile
Wilfrido Vargas;1994;Hombre;Solista;Merengue / salsa / balada;República Dominicana
Illapu;1994;Hombre;Grupo;Música andina / fusión latinoamericana;Chile
Los Fantasmas del Caribe;1994;Hombre;Grupo;Música tropical / tecnomerengue;Venezuela
Zezé di Camargo y Luciano;1994;Hombre;Duo;Música sertaneja / baladas;Brasil
Los Jocker's;1994;Hombre;Grupo;Rock;Chile
Paulina Rubio;1994;Mujer;Solista;Pop latino;México
Luis Jara;1994;Hombre;Solista;Romántico;Chile
Maná;1994;Hombre;Grupo;Rock;México
Ricardo Cocciante;1994;Hombre;Solista;Pop;Italia / Francia
Emmanuel;1994;Hombre;Solista;Balada romántica;México
Pablo Herrera;1994;Hombre;Solista;Balada romántica;Chile
Thalía;1994;Mujer;Solista;Pop latino;México
Huey Lewis and the News;1994;Hombre;Grupo;Rock;Estados Unidos
Willie Colón;1994;Hombre;Solista;Salsa / bolero;Estados Unidos
Alejandro Sanz ;1994;Hombre;Solista;Balada romántica;España
Lucero;1994;Mujer;Solista;Pop latino / balada / ranchera;México
Heart;1994;Mixto;Grupo;Rock;Estados Unidos
Miguel Bosé ;1994;Hombre;Solista;Pop / baladas;España
Miguel Ríos;1994;Hombre;Solista;Rock;España
Myriam Hernandez;1994;Mujer;Solista;Balada romántica;Chile
Luis Miguel;1994;Hombre;Solista;Pop latino / bolero / mariachi;México
Joan Manuel Serrat;1993;Hombre;Solista;Folk / pop melódico;España
Jon Secada;1993;Hombre;Solista;Pop latino / balada ;Cuba / Estados Unidos 
Cecilia Echenique;1993;Mujer;Solista;Pop latino / balada romántica;Chile
Los Rambers;1993;Hombre;Grupo;Jazz / rock and roll;Chile
Luz Casal;1993;Mujer;Solista;Pop rock;España
Dr. Alban;1993;Hombre;Solista;Eurodance / hip hop;Suecia
Sergio Dalma;1993;Hombre;Solista;Pop;España
Beatlemania;1993;Hombre;Grupo;Rock beat / skiffle;Chile
Kassav';1993;Mixto;Grupo;Kadans ranpa / zouk;Francófona 
Joaquín Sabina;1993;Hombre;Solista;Rock / trova / folk / pop;España
Garibaldi;1993;Mixto;Grupo;Pop;México
Hermanos Zabaleta;1993;Hombre;Duo;Rock / balada;Chile
Alejandro Lerner;1993;Hombre;Solista;Rock / pop / balada romántica;Argentina
Jon Secada;1993;Hombre;Solista;Pop latino / balada ;Cuba / Estados Unidos 
Los Temerarios;1993;Hombre;Grupo;Glam grupero;México
Fernando Ubiergo;1993;Hombre;Solista;Nueva canción chilena / balada;Chile
El General;1993;Hombre;Solista;Reggae / dancehall;Panamá
Antonio Prieto;1993;Hombre;Solista;Bolero / vals;Chile
Gloria Trevi;1993;Mujer;Solista;Pop latino / rock;México
Congreso;1993;Hombre;Grupo;Fusión latinoamericana ;Chile
Ricky Martin ;1993;Hombre;Solista;Pop latino;Puerto Rico
Mercedes Sosa;1993;Mujer;Solista;Folclore argentino;Argentina
La Ley;1993;Mixto;Grupo;Rock;Chile
Natusha;1993;Mujer;Solista;Tecnomerengue / pop latino;Francia / Venezuela
Richard Marx;1992;Hombre;Solista;Soft rock;Estados Unidos
Tito Fernández ;1992;Hombre;Solista;Nueva canción chilena / folclore ;Chile
Magneto;1992;Hombre;Grupo;Pop / electropop;México
Banda Blanca;1992;Hombre;Grupo;Cumbia / punta;Honduras
Loco Mía;1992;Hombre;Grupo;Eurodance;España
The Sacados;1992;Mixto;Duo;House / hip hop ;Argentina
Florcita Motuda;1992;Hombre;Solista;Beat / pop / funk;Chile
Germán Casas ;1992;Hombre;Solista;Rock and roll / twist;Chile
Fernando Allende;1992;Hombre;Solista;Pop / folclore mexicano ;México
Ana Gabriel;1992;Mujer;Solista;Pop latino / balada romántica / ranchera;México
Juan Antonio Labra;1992;Hombre;Solista;Pop latino / soft rock / funk;Chile
Sergio Dalma;1992;Hombre;Solista;Pop;España
Mecano;1992;Mixto;Grupo;Tecnopop / new romantic ;España
Illapu;1992;Hombre;Grupo;Música andina / fusión latinoamericana;Chile
Lucero;1992;Mujer;Solista;Pop latino / balada / ranchera;México
Emmanuel;1992;Hombre;Solista;Balada romántica;México
Lucho Gatica;1992;Hombre;Solista;Bolero;Chile
Sexual Democracia;1992;Hombre;Grupo;Rock;Chile
Chayanne;1991;Hombre;Solista;Pop latino;Puerto Rico
Myriam Hernandez;1991;Mujer;Solista;Balada romántica;Chile
Congreso;1991;Hombre;Grupo;Fusión latinoamericana ;Chile
Álvaro Torres;1991;Hombre;Solista;Pop latino / soft rock;El Salvador
Angélica;1991;Mujer;Solista;Pop / dance;Brasil
Faith No More;1991;Hombre;Grupo;Metal alternativo ;Estados Unidos
Francis Lalanne;1991;Hombre;Solista;Pop / Zouk / slam;Francia
Andrea del Boca;1991;Mujer;Solista;Pop;Argentina
Yuri;1991;Mujer;Solista;Pop latino;México
Ricardo Montaner;1991;Hombre;Solista;Balada romántica;Venezuela
Miguel Mateos;1991;Hombre;Solista;Rock;Argentina
"José Luis Rodriguez ""El Puma""";1991;Hombre;Solista;Pop latino / balada / bolero;Venezuela
Armando Manzanero;1991;Hombre;Solista;Balada / bolero ;México
Los prisioneros;1991;Hombre;Grupo;Rock;Chile
Ennio Sangiusto;1991;Hombre;Solista;Música ligera / twist;Italia
Juan Luis Guerra;1991;Hombre;Solista;Bachata;República Dominicana
Eduardo Gatti;1991;Hombre;Solista;Rock / fusión latinoamericano;Chile
Osvaldo Díaz;1991;Hombre;Solista;Nueva ola / canto nuevo;Chile
Martika;1991;Mujer;Solista;Pop;Estados Unidos/Cuba
Juan Antonio Labra;1990;Hombre;Solista;Pop latino / soft rock / funk;Chile
Manuel Mijares;1990;Hombre;Solista;Balada / pop / new wave;México
Marisela;1990;Mujer;Solista;Pop / balada / ranchera;México / Estados Unidos
Cheap Trick;1990;Hombre;Grupo;Rock;Estados Unidos
Xuxa;1990;Mujer;Solista;Pop;Brasil
Pat Henry Y Los Diablos Azules;1990;Hombre;Grupo;Rock / pop;Chile
Luis Miguel ;1990;Hombre;Solista;Pop latino / bolero / marichi;México
Wilfrido Vargas;1990;Hombre;Solista;Merengue / salsa / balada;República Dominicana
Dyango;1990;Hombre;Solista;Romántico;España
Europe;1990;Hombre;Grupo;Hard rock;Suecia
Peter Rock;1990;Hombre;Solista;Rock and roll;Chile
Alberto Plaza;1990;Hombre;Solista;Trova romántica / balada ;Chile
Bertin Osborne;1990;Hombre;Solista;Baladas / rancheras ;España
Emmanuel;1989;Hombre;Solista;Balada romántica;México
Pablo Ruíz;1989;Hombre;Solista;Pop latino / reggaeton;Argentina
Myriam Hernández;1989;Mujer;Solista;Balada romántica;Chile
Carlos Mata;1989;Hombre;Solista;Baladas románticas;Venezuela
REO Speedwagon;1989;Hombre;Grupo;Hard rock;Estados Unidos
Pachuco y la Cubanacán;1989;Hombre;Grupo;Merengue / cumbia ;Chile
Thomas Anders;1989;Hombre;Solista;Europop /eurodisco;Alemania
Rodolfo Navech;1989;Hombre;Solista;Balada ;Chile
Shirley Bassey;1989;Mujer;Solista;Música popular / adult contemporary;Reino Unido
La Sonora Palacios;1989;Hombre;Grupo;Cumbia ;Chile
Andrea Labarca;1989;Mujer;Solista;Balada;Chile
Juan Antonio Labra;1989;Hombre;Solista;Pop latino / soft rock / funk;Chile
Roberto Carlos;1989;Hombre;Solista;Balada / rock / bossa nova;Brasil
Patricia Frías;1989;Mujer;Solista;Pop / balada ;Chile
Monteaguilino;1989;Hombre;Solista;Folclore chileno;Chile
Olé Olé;1989;Mixto;Grupo;Pop / new wave;España
Verónica Castro;1989;Mujer;Solista;Balada / norteño;México
Luis Jara;1989;Hombre;Solista;Romántico;Chile
"José Luis Rodríguez ""El Puma""";1988;Hombre;Solista;Pop latino / balada / bolero;Venezuela
Vivian Reed;1988;Mujer;Solista;R&B / soul;Estados Unidos
Los Enanitos Verdes;1988;Hombre;Grupo;Pop latino;Argentina
Mr. Mister;1988;Hombre;Grupo;Pop rock;Estados Unidos
Juan Antonio Labra;1988;Hombre;Solista;Pop latino / soft rock / funk;Chile
Modern Talking;1988;Hombre;Duo;Eurodisco;Alemania
Laura Branigan;1988;Mujer;Solista;Synth pop / pop;Estados Unidos 
Nydia Caro;1988;Mujer;Solista;Pop / new age;Estados Unidos / Puerto Rico
Álvaro Scaramelli;1988;Hombre;Solista;Rock latino;Chile
Pancho Puelma;1988;Hombre;Solista;Canción de autor;Chile
Alberto Plaza;1988;Hombre;Solista;Trova romántica / balada ;Chile
Nadie;1988;Mixto;Grupo;Rock / synth pop / new wave;Chile
Gloria Benavides ;1988;Mujer;Solista;Nueva ola / balada;Chile
Soda Stereo;1987;Hombre;Grupo;Pop rock / new wave;Argentina
G.I.T.;1987;Hombre;Grupo;Pop rock / new wave;Argentina
Upa;1987;Hombre;Grupo;Rock ;Chile
Air Supply;1987;Hombre;Duo;Soft rock;Reino Unido / Australia
Raphael;1987;Hombre;Solista;Balada;España
Pandora;1987;Mujer;Grupo;Balada / pop / música mexicana;México
Eddie Money;1987;Hombre;Solista;Rock;Estados Unidos
Tavares;1987;Hombre;Grupo;Disco / R&B / soul;Estados Unidos
Luis Jara;1987;Hombre;Solista;Romántico;Chile
Fábio Junior;1987;Hombre;Solista;Romántico / MPB;Brasil
Pachuco y la Cubanacán;1987;Hombre;Grupo;Merengue / cumbia ;Chile
Sandra Mihanovic;1986;Mujer;Solista;Rock / pop / jazz;Argentina
Alejandro Jaén;1986;Hombre;Solista;Balada romántica ;España
Q.E.P;1986;Mixto;Grupo;Boom pop;Chile
Paloma San Basilio;1986;Mujer;Solista;Balada / copla;España
Laura Branigan;1986;Mujer;Solista;Synth pop;Estados Unidos
Luis Miguel;1986;Hombre;Solista;Pop latino / bolero / marichi;México
Alberto Plaza;1986;Hombre;Solista;Trova romántica / balada ;Chile
Opus;1986;Hombre;Grupo;Pop rock;Austria
Miguelo;1986;Hombre;Solista;Pop;Chile
Pachuco y la Cubanacán;1986;Hombre;Grupo;Merengue / cumbia ;Chile
John Denver;1985;Hombre;Solista;Country;Estados Unidos
José Feliciano;1985;Hombre;Solista;Pop latino / bolero;Puerto Rico / Estados Unidos
Dyango;1985;Hombre;Solista;Romántico;España
Krokus;1985;Hombre;Grupo;Hard rock / heavy metal;Suiza
Luis Miguel;1985;Hombre;Solista;Pop latino / bolero / marichi;México
Maitén Montenegro;1985;Mujer;Solista;Disco;Chile
Rita Lee;1985;Mujer;Solista;Rock;Brasil
Bravo;1985;Mixto;Grupo;Balada ;España
Fernando Ubiergo;1985;Hombre;Solista;Nueva canción chilena / balada;Chile
Mirla Castellanos;1985;Mujer;Solista;Pop latino / balada / disco;Venezuela
Maria Conchita Alonso;1985;Mujer;Solista;Balada / bolero / pop;Cuba / Venezuela
Mandolino;1985;Hombre;Solista;Música melódica;Chile
Miguel Gallardo;1985;Hombre;Solista;Balada romántica ;España
Maria Marta Serra Lima;1985;Mujer;Solista;Canción melódica / bolero ;Argentina
José Feliciano;1984;Hombre;Solista;Pop latino / bolero;Puerto Rico / Estados Unidos
Andy Gibb;1984;Hombre;Solista;Disco / pop;Inglaterra
Johnny Ventura;1984;Hombre;Solista;Merengue;República Dominicana
Miguel Bosé ;1984;Hombre;Solista;Pop / baladas ;España
Daniela Romo;1984;Mujer;Solista;Pop latino / balada romántica;México
Massiel;1984;Mujer;Solista;Pop / balada / protesta;España
Pimpinela;1984;Mixto;Duo;Pop;Argentina
Yuri;1984;Mujer;Solista;Pop latino;México
José Luis Perales;1984;Hombre;Solista;Balada / jazz;España
Sheena Easton;1984;Mujer;Solista;Pop / soft rock;Escocia
Dyango;1984;Hombre;Solista;Romántico;España
Palito Ortega;1984;Hombre;Solista;Romántica / melódica;Argentina
Ricos y Pobres;1984;Mixto;Grupo;Romántico / pop;Italia
Titanic;1984;Hombre;Grupo;Rock;Noruega
Ginette Acevedo;1984;Mujer;Solista;Tradicional / balada romántica;Chile
Marcelo;1984;Hombre;Solista;Pop / nueva ola;Chile
Gloria Simonetti;1984;Mujer;Solista;Balada;Chile
Buddy Richard;1984;Hombre;Solista;Nueva ola / balada / rock;Chile
Gloria Benavides ;1984;Mujer;Solista;Nueva ola / balada;Chile
Miguel Piñera;1983;Hombre;Solista;Música popular chilena;Chile
Florcita Motuda;1983;Hombre;Solista;Beat / pop / funk;Chile
Andrea Tessa;1983;Mujer;Solista;Jazz / pop latino;Chile
Los Jaivas;1983;Mixto;Grupo;Rock folclórico;Chile
Zalo Reyes;1983;Hombre;Solista;Balada romántica / melódica;Chile
José Luis Perales;1983;Hombre;Solista;Balada / jazz;España
Silvana Di Lorenzo;1983;Mujer;Solista;Pop / balada;Argentina / Italia
Lucía Méndez;1983;Mujer;Solista;Pop latino;Estados Unidos / México
Victor Manuel;1983;Hombre;Solista;Pop / balada;España
Paloma San Basilio;1983;Mujer;Solista;Balada / copla;España
Jairo;1983;Hombre;Solista;Folclore / tango / chanson;Argentina / Francia
Miami Sound Machine;1983;Mixto;Grupo;Pop latino;Estados Unidos
Bucks Fizz;1983;Hombre;Grupo;Pop rock;Reino Unido 
Emmanuel;1983;Hombre;Solista;Balada romántica;México
Joan Baptista Humet;1983;Hombre;Solista;Canción de autor;España 
Raffaellá Carrá;1982;Mujer;Solista;Pop latino / rock / electrónica;Italia
Raphael;1982;Hombre;Solista;Balada ;España
The Police;1982;Hombre;Grupo;Rock;Inglaterra
Pecos;1982;Hombre;Duo;Pop;España
Salvatore Adamo;1982;Hombre;Solista;Balada romántica / pop;Italia / Bélgica
Miguel Bosé ;1982;Hombre;Solista;Pop / baladas ;España
Buddy Richard;1982;Hombre;Solista;Nueva ola / balada / rock;Chile
Fernando Ubiergo;1982;Hombre;Solista;Nueva canción chilena / balada;Chile
Oscar Andrade;1982;Hombre;Solista;Trova / balada;Chile
Julio Iglesias;1981;Hombre;Solista;Adult contemporary / balada;España
Camilo Sesto;1981;Hombre;Solista;Balada romántica / pop / rock;España
Miguel Bosé;1981;Hombre;Solista;Pop / balada ;España
"José Luis Rodríguez ""El Puma""";1981;Hombre;Solista;Pop latino / balada / bolero;Venezuela
K.C and the Sunshine Band;1981;Mixto;Grupo;Funk / disco;Estados Unidos
Angela Carrasco;1981;Mujer;Solista;Pop latino / balada romántica;República Dominicana
Leonardo Favio;1981;Hombre;Solista;Balada;Argentina
Gloria Simonetti;1981;Mujer;Solista;Balada;Chile
José Alfredo Fuentes;1981;Hombre;Solista;Nueva ola / balada / pop;Chile
Los Huasos Quincheros;1981;Hombre;Grupo;Folclore / bolero;Chile
Neil Sedaka;1980;Hombre;Solista;Pop;Estados Unidos
Umberto Tozzi;1980;Hombre;Solista;Pop rock;Italia 
Gloria Gaynor;1980;Mujer;Solista;Disco / soul;Estados Unidos
José Luis Rodríguez;1980;Hombre;Solista;Pop latino / balada / bolero;Venezuela
Rocío Jurado;1980;Mujer;Solista;Copla andaluza /  balada;España
Antonio Prieto;1980;Hombre;Solista;Bolero / vals;Chile
Foxy ;1980;Hombre;Grupo;Latin dance / disco;Estados Unidos
Milk and Coffee;1980;Mixto;Grupo;Pop / eurodance;Italia
Malibú;1979;Mixto;Grupo;Pop;Chile
Tavares;1979;Hombre;Grupo;Disco / R&B / soul;Estados Unidos
Matia Bazar;1979;Mixto;Grupo;Rock / música ligera;Italia
Santa Esmeralda;1979;Hombre;Grupo;Disco;Francia / Estados Unidos
Alberto Cortez;1979;Hombre;Solista;Trova / mélodica;Argentina
Paloma San Basilio;1979;Mujer;Solista;Balada / copla;España
Ricardo Cocciante;1979;Hombre;Solista;Pop;Italia / Francia
Los Marismeños;1979;Hombre;Grupo;Música andaluza ;España
Frecuencia Mod ;1979;Mujer;Grupo;Disco pop;Chile
José Velez;1979;Hombre;Solista;Balada / pop;España
Benito di Paula;1979;Hombre;Solista;Samba;Brasil
Iva Zanicchi;1978;Mujer;Solista;Pop / mélodico / blues;Italia
Pascale Petit;1978;Mujer;Solista;Balada;Francia
Pablo Abraira;1978;Hombre;Solista;Balada romántica / pop;España
Albert Hammond;1978;Hombre;Solista;Pop;Reino Unido 
The Hues Corporation ;1978;Hombre;Grupo;Soul / funk / disco;Estados Unidos
Frecuencia Mod;1978;Mujer;Grupo;Disco pop;Chile
Ricardo Ceratto;1978;Hombre;Solista;Música cristiana;Argentina
El grupo Katunga;1978;Hombre;Grupo;Ska / beat / cumbia;Argentina
Maria Creuza;1978;Mujer;Solista;MPB;Brasil
Daniel Santacruz Ensamble;1978;Mixto;Grupo;Pop;Italia
Sacramento;1978;Hombre;Grupo;Rock progresivo;Argentina
Palito Ortega;1977;Hombre;Solista;Romántica / melódica;Argentina
Julio Iglesias;1977;Hombre;Solista;Adult contemporary / balada;España
Al Bano y Romina Power;1977;Mixto;Duo;Pop romántico;Italia
Albert Hammond;1977;Hombre;Solista;Pop;Reino Unido 
Sergio y Estíbaliz;1977;Mixto;Duo;Folk;España
Manolo Otero;1977;Hombre;Solista;Balada romántica;España
Luis Dimas;1977;Hombre;Solista;Nueva ola;Chile
Gloria Benavides ;1977;Mujer;Solista;Nueva ola / balada;Chile
Trigo limpio;1977;Mixto;Grupo;Folk;España
Juan Bau;1976;Hombre;Solista;Melódica / pop;España
Manolo Galván ;1976;Hombre;Solista;Baladas románticas;España
Mari Trini;1976;Mujer;Solista;Balada / bolero;España
Osvaldo Díaz;1976;Hombre;Solista;Nueva ola / canto nuevo;Chile
Los alfiles negros;1976;Hombre;Grupo;Nueva ola / balada / rock latino;Chile
Malibú;1976;Mixto;Grupo;Pop;Chile
Sandro;1975;Hombre;Solista;Rock and roll / pop;Argentina
Julio Iglesias;1975;Hombre;Solista;Adult contemporary / balada;España
Manolo Galván;1975;Hombre;Solista;Baladas románticas;España
Roberto Carlos;1975;Hombre;Solista;Balada / rock / bossa nova;Brasil
Maitén Montenegro;1975;Mujer;Solista;Disco;Chile
Grupo Malibú.;1975;Mixto;Grupo;Pop;Chile
Camilo Sesto;1974;Hombre;Solista;Balada romántica / pop / rock;España
Ramón Vinay;1974;Hombre;Solista;ópera;Chile
Nydia Caro;1974;Mujer;Solista;Pop / new age;Estados Unidos / Puerto Rico
Jeanette;1974;Mujer;Solista;Pop / balada / rock;Inglaterra / España 
Pepe Gallinato ;1974;Hombre;Solista;Nueva ola ;Chile
Gloria Simonetti;1974;Mujer;Solista;Balada;Chile
Tony Ronald;1973;Hombre;Solista;Pop;Países bajos
Quilapayún;1973;Hombre;Grupo;Folclore / nueva canción chilena;Chile
Illapu;1973;Hombre;Grupo;Música andina / fusión latinoamericana;Chile
Gino Renni ;1973;Hombre;Solista;Balada ;Argentina / Italia
Piero;1972;Hombre;Solista;Trova / rock;Argentina / Italia
Tormenta;1972;Mujer;Solista;Rock;Argentina
Víctor Heredia;1972;Hombre;Solista;Trova / canción protesta ;Argentina 
Joan Manuel Serrat;1972;Hombre;Solista;Folk / pop melódico;España
Los Iracundos de Uruguay;1972;Hombre;Grupo;Rock;Uruguay
Peter Yarrow;1972;Hombre;Solista;Folk;EEUU
Maitén Montenegro y el Grupo Móvil;1972;;;;
Pepe Gallinato ;1972;Hombre;Solista;Nueva ola ;Chile
Miriam Makeba;1972;Mujer;Solista;Marabi / rock;Sudáfrica
Nicola Di Bari;1971;Hombre;Solista;Balada romántica;Italia
Nino Bravo;1971;Hombre;Solista;Pop;España
Las Satanicas;1971;Mujer;Grupo;;Checoslovaquia
Los Blops;1971;Hombre;Grupo;Rock / folk;Chile
Cucumén  ;1971;Mixto;Grupo;Folclore;Chile
Arturo Gatica;1971;Hombre;Solista;Folclore;
Osvaldo Diaz;1971;Hombre;Solista;Nueva ola / canto nuevo;Chile
Buddy Richard;1971;Hombre;Solista;Nueva ola / balada / rock;Chile
Los Huasos Quincheros;1970;Hombre;Grupo;Folclore / bolero;Chile
"Sonia ""la única";1970;Mujer;Solista;Boleros / melódica;Chile
Paolo Salvatore;1970;Hombre;Solista;Pop;Italia / Chile
Piero;1970;Hombre;Solista;Trova / rock;Argentina / Italia
El Maijope Show con Maitén Montenegro;1970;;;;
Raúl Labié;1970;Hombre;Solista;Tango;Argentina
Joan Manuel Serrat;1970;Hombre;Solista;Folk / pop melódico;España
Dúo Dinámico;1969;Hombre;Duo;Pop / rock and roll;España
Hermanitas Gil;1969;Mujer;Duo;Balada pop;México
Jimmy Cliff;1969;Hombre;Solista;Reggae / ska;Jamaica
Julio Iglesias;1969;Hombre;Solista;Adult contemporary / balada;España
Leonardo Favio;1969;Hombre;Solista;Balada romántica / pop / rock;Argentina
Los Gatos;1969;Hombre;Grupo;Rock ;Argentina
Nilton César ;1969;Hombre;Solista;MPB;Brasil
Con´s Combo;1969;Hombre;Grupo;Pop;Suecia
Mirtha Pérez;1969;Mujer;Solista;Latin pop;Venezuela
Bárbara y Dick;1969;Mixto;Duo;Rock / pop / balada;Argentina
Bric a Brac;1969;Mixto;Grupo;Pop rock / nueva ola;Chile
Armando Manzanero;1968;Hombre;Solista;Balada / bolero;México
Bric a Brac;1968;Mixto;Grupo;Pop rock / nueva ola;Chile
Fernando Montes;1968;Hombre;Solista;Nueva ola;Chile
Gloria Benavides ;1968;Mujer;Solista;Nueva ola / balada;Chile
Pat Henry Y Los Diablos Azules;1968;Hombre;Grupo;Rock / pop;Chile
Sandro;1968;Hombre;Solista;Rock and roll / pop;Argentina
Ennio Sangiusto;1967;Hombre;Solista;Música ligera / twist;Italia
Ferran Alabert;1967;Hombre;Solista;Folclore / música popular;Chile
Los Jocker´s;1967;Hombre;Grupo;Rock;Chile
Massiel ;1967;Mujer;Solista;Pop / balada / protesta;España
Pedro Messone ;1967;Hombre;Solista;Folclore / trova ;Chile
Dúo Dinámico;1966;Hombre;Duo;Pop / rock and roll;España
Ennio Sangiusto;1966;Hombre;Solista;Música ligera / twist;Italia
Ferran Alabert;1966;Hombre;Solista;Música ligera / twist;Chile
Los Huasos Quincheros;1966;Hombre;Grupo;Folclore / bolero;Chile
Chabuca Granda;1965;Mujer;Solista;Música tradicional / criolla;Chile
Gloria Benavides ;1965;Mujer;Solista;Nueva ola / balada;Chile
Hector Gagliardi;1965;Hombre;Solista;Poesía lunfarda;Argentina
Las Cuatro Brujas;1965;Mujer;Grupo;Folclore / tornada / refalosa;Chile
Los Hermanos Campos;1965;Hombre;Grupo;Folclore / cueca ;Chile
Los Tigres;1965;Hombre;Grupo;Rock and roll ;Chile
Monna Bell;1965;Mujer;Solista;Jazz / blues;Chile
Pat Henry  ;1965;Hombre;Solista;Rock / pop;Chile
Lorenzo Valderrama;1964;Hombre;Solista;Bolero ;Chile
Los Blue Splendor ;1964;Hombre;Grupo;Rock / nueva ola;Chile
Los Cantores de Rucamanqui;1964;;;;Chile
Maggie;1964;Mujer;Solista;Disco;Chile
Juan Chocolate Rodriguez;1963;Hombre;Solista;Música tropical;Chile
Enrique Guzman ;1963;Hombre;Solista;Rock and roll / balada romántica;México / Venezuela
Gloria Benavides ;1963;Mujer;Solista;Nueva ola / balada;Chile
Lorenzo Valderrama;1963;Hombre;Solista;Bolero;Chile
Antonio Prieto;1962;Hombre;Solista;Bolero / vals;Chile
El chúcaro;1962;Hombre;Solista;Folclore;Argentina
Los hermanos Silva;1962;Mixto;Grupo;Música típica chilena;Chile
Los ramblers;1962;Hombre;Grupo;Jazz / rock an roll;Chile
Jimmy Lane;1962;Hombre;Solista;Nueva ola;Chile
Baby Bell;1961;Mujer;Solista;Folk ;Argentina
Dixieland Hot Jazz;1961;Hombre;Grupo;Jazz;Estados Unidos
Lorenzo Valderrama;1961;Hombre;Solista;Bolero;Chile
Orquesta Huambaly ;1961;Hombre;Grupo;Tropical / jazz;Chile
Los Huasos Quincheros;1960;Hombre;Grupo;Folclore / bolero;Chile
Ricardo Arancibia;1960;Hombre;Solista;Folclore;Chile
Teal Joy;1960;Mujer;Solista;Jazz;Estados Unidos / Japón
