;Año;Género F/M/Mixto;Grupo/solista;Género musical;Nacionalidad;¿Aparece en top 20 NACIONAL antes del festival?;¿Aparece top 100 NACIONAL antes del festival? TOPCHARTS;¿Cuántas veces aparece?;Posición en el chart;Peak de rating;Gaviotas;Antorchas;¿Aparece top 20 después del festival?;¿Aparece top 100 después del festival?;¿Cuántas veces aparece?;Chart;¿Subió o bajó?;;;;;;;;;;;;;;;;;;;;;;;;;;;
Marc Anthony ;2025;Hombre;Solista;Salsa;Estados Unidos/ Puerto Rico;no;PENDIENTE;0;0;22,5;2;No se dan;no;;0;0;PENDIENTE;;;;;;;;;;;;;;;;;;;;;;;;;;;
Bacilos;2025;Hombre;Grupo;Pop Latino;Estados Unidos;no;PENDIENTE;0;0;14,9;2;No se dan;no;;0;0;PENDIENTE;;;;;;;;;;;;;;;;;;;;;;;;;;;
Myriam Hernandez;2025;Mujer;Solista ;Balada Romántica;Chile;no;PENDIENTE;0;0;41,9;3;No se dan;no;;0;0;PENDIENTE;;;;;;;;;;;;;;;;;;;;;;;;;;;
Ha*Ash;2025;Mujer;Duo;Pop  ;México;no;PENDIENTE;0;0;14,5;2;No se dan;no;;0;0;PENDIENTE;;;;;;;;;;;;;;;;;;;;;;;;;;;
Morat ;2025;Hombre;Grupo;Pop  Latino;Colombia;no;PENDIENTE;0;0;PENDIENTE;2;No se dan;no;;0;0;PENDIENTE;;;;;;;;;;;;;;;;;;;;;;;;;;;
Sebastian Yatra;2025;Hombre;Solista;Pop Latino ;Colombia;no;PENDIENTE;0;0;PENDIENTE;2;No se dan;no;;0;0;PENDIENTE;;;;;;;;;;;;;;;;;;;;;;;;;;;
Carlos Vives;2025;Hombre;Solista;Pop tropical;Colombia;no;PENDIENTE;0;0;39,3;2;No se dan;no;;0;0;PENDIENTE;;;;;;;;;;;;;;;;;;;;;;;;;;;
Carín Leon;2025;Hombre;Solista;Regional Mexicana;México;no;PENDIENTE;0;0;10,2;2;No se dan;no;;0;0;PENDIENTE;;;;;;;;;;;;;;;;;;;;;;;;;;;
Incubus;2025;Mixto;Grupo;Rock Alternativo;EEUU;no;PENDIENTE;0;0;PENDIENTE;2;No se dan;no;;0;0;PENDIENTE;;;;;;;;;;;;;;;;;;;;;;;;;;;
The Cult;2025;Hombre;Grupo;Hard rock;Reino Unido;no;PENDIENTE;0;0;PENDIENTE;2;No se dan;no;;0;0;PENDIENTE;;;;;;;;;;;;;;;;;;;;;;;;;;;
Duki;2025;Hombre;Solista;Trap;Argentina;no;PENDIENTE;0;0;PENDIENTE;2;No se dan;no;;0;0;PENDIENTE;;;;;;;;;;;;;;;;;;;;;;;;;;;
Eladio Carrion;2025;Hombre;Solista;Trap;Puerto Rico;no;PENDIENTE;0;0;PENDIENTE;2;No se dan;no;;0;0;PENDIENTE;;;;;;;;;;;;;;;;;;;;;;;;;;;
Kid Voodoo;2025;Hombre;Solista;Urbano;Chile;si;PENDIENTE;1;2;PENDIENTE;2;No se dan;si;;1;1;Subió ;;;;;;;;;;;;;;;;;;;;;;;;;;;
Alejandro Sanz;2024;Hombre;Solista;Balada romántica;España;no;PENDIENTE;0;0;PENDIENTE;2;No se dan;no;;0;0;0;;;;;;;;;;;;;;;;;;;;;;;;;;;
Manuel Turizo;2024;Hombre;Solista;Urbano ;Colombia;no;PENDIENTE;0;0;PENDIENTE;2;No se dan;no;;0;0;0;;;;;;;;;;;;;;;;;;;;;;;;;;;
Andrea Bocelli;2024;Hombre;Solista;Clásica ;Italia;no;PENDIENTE;0;0;PENDIENTE;2;No se dan;no;;0;0;0;;;;;;;;;;;;;;;;;;;;;;;;;;;
MIRANDA!;2024;Mixto;Duo;Electropop;Argentina;no;PENDIENTE;0;0;PENDIENTE;2;No se dan;no;;0;0;0;;;;;;;;;;;;;;;;;;;;;;;;;;;
Maná;2024;Hombre;Grupo;Rock  ;México;no;PENDIENTE;0;0;35,4;2;No se dan;no;;0;0;0;;;;;;;;;;;;;;;;;;;;;;;;;;;
Men at Work;2024;Hombre;Grupo;Pop ;Australia;no;PENDIENTE;0;0;9,1;2;No se dan;no;;0;0;0;;;;;;;;;;;;;;;;;;;;;;;;;;;
Mora ;2024;Hombre;Solista;Urbano;Puerto Rico;si;PENDIENTE;2;14, 15;PENDIENTE;2;No se dan;si;;2;13,15;Subió;;;;;;;;;;;;;;;;;;;;;;;;;;;
Anitta;2024;Mujer;Solista;Pop funk ;Brasil;no;PENDIENTE;0;0;PENDIENTE;2;No se dan;no;;0;0;0;;;;;;;;;;;;;;;;;;;;;;;;;;;
Los Bunkers;2024;Hombre;Grupo;Rock  Alternativo;Chile;no;PENDIENTE;0;0;PENDIENTE;2;No se dan;no;;0;0;0;;;;;;;;;;;;;;;;;;;;;;;;;;;
Young Cister;2024;Hombre;Solista;Urbano;Chile;no;PENDIENTE;0;0;PENDIENTE;2;No se dan;no;;0;0;0;;;;;;;;;;;;;;;;;;;;;;;;;;;
Trueno;2024;Hombre;Solista;Hip Hop / Rap;Argentina;no;PENDIENTE;0;0;PENDIENTE;2;No se dan;no;;0;0;0;;;;;;;;;;;;;;;;;;;;;;;;;;;
Maria Becerra;2024;Mujer;Solista;Pop ;Argentina;no;PENDIENTE;0;0;PENDIENTE;2;No se dan;no;;0;0;0;;;;;;;;;;;;;;;;;;;;;;;;;;;
Karol G;2023;Mujer;Solista;Urbano ;Colombia;no;PENDIENTE;0;0;PENDIENTE;2;No se dan;no;;0;0;0;;;;;;;;;;;;;;;;;;;;;;;;;;;
Paloma Mami;2023;Mujer;Solista;Urbano ;Chile;no ;PENDIENTE;0;0;PENDIENTE;2;No se dan;no;;0;0;0;;;;;;;;;;;;;;;;;;;;;;;;;;;
Tini;2023;Mujer;Solista;Pop ;Argentina;no;PENDIENTE;0;0;PENDIENTE;2;No se dan;no;;0;0;0;;;;;;;;;;;;;;;;;;;;;;;;;;;
Emilia;2023;Mujer;Solista;Pop ;Argentina;no;PENDIENTE;0;0;PENDIENTE;2;No se dan;no;;0;0;0;;;;;;;;;;;;;;;;;;;;;;;;;;;
Alejandro Fernandez;2023;Hombre;Solista;Ranchera / pop latino;México;no ;PENDIENTE;0;0;PENDIENTE;2;No se dan;no;;0;0;0;;;;;;;;;;;;;;;;;;;;;;;;;;;
Los Jaivas;2023;Mixto;Grupo;Rock folclórico;Chile;no ;PENDIENTE;0;0;PENDIENTE;2 (+ llave de la Ciudad);No se dan;no;;0;0;0;;;;;;;;;;;;;;;;;;;;;;;;;;;
Fito Paez;2023;Hombre;Solista;Rock;Argentina;no ;PENDIENTE;0;0;PENDIENTE;2;No se dan;no;;0;0;0;;;;;;;;;;;;;;;;;;;;;;;;;;;
Rels B;2023;Hombre;Solista;Urbano;España;no ;PENDIENTE;0;0;PENDIENTE;2;No se dan;no;;0;0;0;;;;;;;;;;;;;;;;;;;;;;;;;;;
Christina Aguilera;2023;Mujer;Solista;Pop;Estados Unidos;no ;PENDIENTE;0;0;PENDIENTE;2;No se dan;no;;0;0;0;;;;;;;;;;;;;;;;;;;;;;;;;;;
Polima Wescoast;2023;Hombre;Solista;Trap;Chile;si;PENDIENTE;2;6,12;PENDIENTE;2;No se dan;si;;2;7,17;Bajó;;;;;;;;;;;;;;;;;;;;;;;;;;;
Camilo;2023;Hombre;Solista;Pop ;Colombia;no ;PENDIENTE;0;0;PENDIENTE;2;No se dan;no;;0;0;0;;;;;;;;;;;;;;;;;;;;;;;;;;;
Nicki Nicole;2023;Mujer;Solista;Urbano;Argentina;no;PENDIENTE;0;0;PENDIENTE;2;No se dan;no;;0;0;0;;;;;;;;;;;;;;;;;;;;;;;;;;;
Ricky Martin;2020;Hombre;Solista;Pop  Latino;Puerto Rico;no;No;0;0;PENDIENTE;2;No se dan;no;No;0;0;-;;;;;;;;;;;;;;;;;;;;;;;;;;;
Pedro Capó;2020;Hombre;Solista;Pop romántico;Puerto Rico;no;Sí;2;25, 62;PENDIENTE;2;No se dan;no;Sí;2;24, 62;Subió;;;;;;;;;;;;;;;;;;;;;;;;;;;
Mon Laferte;2020;Mujer;Solista;Pop / balada / rock alternativo;Chile;no;Sí;1;54;PENDIENTE;2;No se dan;no;Sí;2;42,  80;Subió;;;;;;;;;;;;;;;;;;;;;;;;;;;
Francisca Valenzuela;2020;Mujer;Solista;Pop rock;Chile;no;No;0;0;PENDIENTE;2;No se dan;no;No;0;0;-;;;;;;;;;;;;;;;;;;;;;;;;;;;
Ana gabriel;2020;Mujer;Solista;Pop latino / balada romántica / ranchera;México;no;No;0;0;PENDIENTE;2;No se dan;no;Sí;1;83;Ingresó;;;;;;;;;;;;;;;;;;;;;;;;;;;
Pimpinela;2020;Mixto;Duo;Pop ;Argentina;no;No;0;0;PENDIENTE;2;No se dan;no;No;0;0;-;;;;;;;;;;;;;;;;;;;;;;;;;;;
Pablo Alborán;2020;Hombre;Solista;Pop ;España;no;No;0;0;PENDIENTE;2;No se dan;no;Sí;1;77;Ingresó;;;;;;;;;;;;;;;;;;;;;;;;;;;
Luciano Pereyra;2020;Hombre;Solista;Pop ;Argentina;no;No;0;0;PENDIENTE;2;No se dan;no;Sí;1;92;Ingresó;;;;;;;;;;;;;;;;;;;;;;;;;;;
Maroon 5;2020;Hombre;Grupo;Pop rock;Estados Unidos;no;Sí;1;94;PENDIENTE;0;No se dan;no;Sí;6;29, 55, 79, 86, 90,98;Subió ;;;;;;;;;;;;;;;;;;;;;;;;;;;
Alexandre Pires;2020;Hombre;Solista;Pagode;Brasil;no;No;0;0;PENDIENTE;2;No se dan;no;No;0;0;-;;;;;;;;;;;;;;;;;;;;;;;;;;;
Ozuna;2020;Hombre;Solista;Reggaeton;Puerto Rico;Sí;Sí;6;11, 19, 22, 23, 69, 88, 99;PENDIENTE;2;No se dan;Sí;Sí;4;16, 20, 24, 84;Subió;;;;;;;;;;;;;;;;;;;;;;;;;;;
Denise Rosenthal ;2020;Mujer;Solista;Pop latino;Chile;no ;No;0;0;PENDIENTE;2;No se dan;no;Sí;2;76, 96 ;Ingresó;;;;;;;;;;;;;;;;;;;;;;;;;;;
Noche de Brujas ;2020;Hombre;Grupo;Cumbia;Chile;no;No;0;0;PENDIENTE;2;No se dan;no;No;0;0;-;;;;;;;;;;;;;;;;;;;;;;;;;;;
Wisin & Yandel;2019;Hombre;Duo;Reggaeton;Puerto Rico;no ;Sí;1;13;PENDIENTE;2;No se dan;no;PENDIENTE;0;0;-;;;;;;;;;;;;;;;;;;;;;;;;;;;
Sebastian Yatra;2019;Hombre;Solista;Pop latino;Colombia;no ;Sí;1;40;PENDIENTE;2;No se dan;no;PENDIENTE;0;0;-;;;;;;;;;;;;;;;;;;;;;;;;;;;
Raphael;2019;Hombre;Solista;Balada;España;no ;No;0;0;PENDIENTE;2;No se dan;no;PENDIENTE;0;0;-;;;;;;;;;;;;;;;;;;;;;;;;;;;
Yuri;2019;Mujer;Solista;Pop latino;México;no ;No;0;0;PENDIENTE;2;No se dan;no;PENDIENTE;0;0;-;;;;;;;;;;;;;;;;;;;;;;;;;;;
Marc Anthony ;2019;Hombre;Solista;Salsa;Estados Unidos/ Puerto Rico;no ;Sí;1;32;PENDIENTE;2;No se dan;no;PENDIENTE;0;0;-;;;;;;;;;;;;;;;;;;;;;;;;;;;
David Bisbal;2019;Hombre;Solista;Pop;España;no ;No;0;0;PENDIENTE;2;No se dan;no;PENDIENTE;0;0;-;;;;;;;;;;;;;;;;;;;;;;;;;;;
Marco Antonio Solis ;2019;Hombre;Solista;Balada Romántica / pop;México;no ;No;0;0;PENDIENTE;2 (+ llave de la ciudad);No se dan;no;PENDIENTE;0;0;-;;;;;;;;;;;;;;;;;;;;;;;;;;;
Carlos Rivera;2019;Hombre;Solista;Pop balada;México;no ;No;0;0;PENDIENTE;2;No se dan;no;PENDIENTE;0;0;-;;;;;;;;;;;;;;;;;;;;;;;;;;;
Backstreet Boys;2019;Hombre;Grupo;Pop;Estados Unidos;no ;No;0;0;PENDIENTE;2;No se dan;no;PENDIENTE;0;0;-;;;;;;;;;;;;;;;;;;;;;;;;;;;
Cami;2019;Mujer;Solista;Folk / soul / pop;Chile;no ;No;0;0;PENDIENTE;2;No se dan;no;PENDIENTE;0;0;-;;;;;;;;;;;;;;;;;;;;;;;;;;;
Bad Bunny;2019;Hombre;Solista;Reggaeton / trap;Puerto Rico;Sí;Sí;3;13, 23, 32;PENDIENTE;2;No se dan;Sí;PENDIENTE;1;12;Subió;;;;;;;;;;;;;;;;;;;;;;;;;;;
Becky G;2019;Mujer;Solista;Reggaeton;Estados Unidos;no ;Sí;2;14, 16;PENDIENTE;2;No se dan;Sí;PENDIENTE;1;20;Ingtresó;;;;;;;;;;;;;;;;;;;;;;;;;;;
Ricky Martin;2019;Hombre;Solista;Pop latino;Puerto Rico;no;No;0;0;PENDIENTE;2;No se dan;no;PENDIENTE;0;0;-;;;;;;;;;;;;;;;;;;;;;;;;;;;
Miguel Bosé ;2018;Hombre;Solista;Pop / baladas;España;no ;No;0;0;PENDIENTE;2;No se dan;no;No;0;0;-;;;;;;;;;;;;;;;;;;;;;;;;;;;
Illapu;2018;Hombre;Grupo;Música andina / fusión latinoamericana;Chile;no ;No;0;0;PENDIENTE;2;No se dan;no;No;0;0;-;;;;;;;;;;;;;;;;;;;;;;;;;;;
Luis Fonsi;2018;Hombre;Solista;Pop latino;Puerto Rico;Sí;Sí;2;2, 35;PENDIENTE;2;No se dan;Sí;Sí;2;2,34;Mantuvo;;;;;;;;;;;;;;;;;;;;;;;;;;;
Gente de Zona;2018;Hombre;Duo;Urbano;Cuba;no;Sí;1;3;PENDIENTE;2;No se dan;no;Sí;2;3, 97;-;;;;;;;;;;;;;;;;;;;;;;;;;;;
Jamiroquai;2018;Hombre;Grupo;Fuk / acid jazz;Reino Unido;no;No;0;0;PENDIENTE;2;No se dan;no;No;0;0;-;;;;;;;;;;;;;;;;;;;;;;;;;;;
Europe ;2018;Hombre;Grupo;Hard rock;Suecia;no;No;0;0;PENDIENTE;2;No se dan;no;No;0;0;-;;;;;;;;;;;;;;;;;;;;;;;;;;;
Jesse & Joy;2018;Mixto;Duo;Pop;México;no;Sí;1;3;PENDIENTE;2;No se dan;Sí;Sí;2;3, 12;Ingresó;;;;;;;;;;;;;;;;;;;;;;;;;;;
Prince Royce ;2018;Hombre;Solista;Bachata;Estados Unidos;no;Sí;1;38;PENDIENTE;2;No se dan;no;Sí;1;38;-;;;;;;;;;;;;;;;;;;;;;;;;;;;
Carlos Vives;2018;Hombre;Solista;Pop tropical;Colombia;no;Sí;1;6;PENDIENTE;2;No se dan;no;Sí;1;9;-;;;;;;;;;;;;;;;;;;;;;;;;;;;
Ha*Ash;2018;Mujer;Duo;Pop;México;no;Sí;1;38;PENDIENTE;2;No se dan;no;Sí;1;38;-;;;;;;;;;;;;;;;;;;;;;;;;;;;
CNCO;2018;Hombre;Grupo;Reggaeton / pop latino;Estados Unidos (ahí se crearon);no;Sí;3;15,21,46;PENDIENTE;2;No se dan;no;Sí;3;13,17,37;-;;;;;;;;;;;;;;;;;;;;;;;;;;;
Augusto Schuster ;2018;Hombre;Solista;Pop;Chile;no;No;0;0;PENDIENTE;2;No se dan;no;No;0;0;-;;;;;;;;;;;;;;;;;;;;;;;;;;;
Zion & Lennox;2018;Hombre;Duo;Reggeaton;Puerto Rico;no;Sí;1;57;PENDIENTE;2;No se dan;no;No;0;0;-;;;;;;;;;;;;;;;;;;;;;;;;;;;
Los Fabulosos Cadillacs;2017;Hombre;Grupo;Ska;Argentina;no;No;0;0;PENDIENTE;2;No se dan;no;Sí;4;47,48,69,70;Ingresó;;;;;;;;;;;;;;;;;;;;;;;;;;;
Los Auténticos Decadentes ;2017;Hombre;Grupo;Rock / ska;Argentina;no;No;0;0;PENDIENTE;2;No se dan;no;Sí;2;40, 68;Ingresó;;;;;;;;;;;;;;;;;;;;;;;;;;;
Sin Bandera;2017;Hombre;Duo;Pop / baladas / ranchera ;México;no;No;0;0;PENDIENTE;2;No se dan;no;Sí;4;36,49,50,73;Ingresó;;;;;;;;;;;;;;;;;;;;;;;;;;;
Camila;2017;Hombre;Grupo;Pop rock;México;no;No;0;0;PENDIENTE;2;No se dan;no;Sí;3;65,99,100;Ingresó;;;;;;;;;;;;;;;;;;;;;;;;;;;
Isabel Pantoja ;2017;Mujer;Solista;Copla / flamenco / pop;España;no;No;0;0;PENDIENTE;3;No se dan;no;Sí;1;67;Ingresó;;;;;;;;;;;;;;;;;;;;;;;;;;;
Río Roma;2017;Hombre;Duo;Pop latino;México;no;Sí;1;40;PENDIENTE;2;No se dan;no;No;0;0;Bajó;;;;;;;;;;;;;;;;;;;;;;;;;;;
Olivia Newton-John;2017;Mujer;Solista;Pop;Australia;no;No;0;0;PENDIENTE;2;No se dan;no;No;0;0;-;;;;;;;;;;;;;;;;;;;;;;;;;;;
Peter Cetera;2017;Hombre;Solista;Rock;Estados Unidos ;no;No;0;0;PENDIENTE;2;No se dan;no;No;0;0;-;;;;;;;;;;;;;;;;;;;;;;;;;;;
Maluma;2017;Hombre;Solista;Reggaeton / urbano;Colombia;Sí;Sí;9;3, 4, 6, 13,14,47,48,76;PENDIENTE;2;No se dan;Sí;Sí;13;2,3, 4, 6, 9,10,27,30,32,35,80,90;Subió;;;;;;;;;;;;;;;;;;;;;;;;;;;
Américo;2017;Hombre;Solista;Cumbia tropical ;Chile;no ;Sí;1;81;PENDIENTE;2;No se dan;no;No;0;0;Bajó;;;;;;;;;;;;;;;;;;;;;;;;;;;
J Balvin;2017;Hombre;Solista;Reggaeton;Colombia;Sí;Sí;3;17,28, 49;PENDIENTE;2;No se dan;Si;Sí;6;12, 17,18,57,87,88;Subió;;;;;;;;;;;;;;;;;;;;;;;;;;;
Lali Esposito;2017;Mujer;Solista;Pop;Argentina;no ;No;0;0;PENDIENTE;2;No se dan;no;No;0;0;-;;;;;;;;;;;;;;;;;;;;;;;;;;;
Mon Laferte;2017;Mujer;Solista;Pop / balada / rock alternativo;Chile;Sí;Sí;3;2, 10, 27;PENDIENTE;2;No se dan;Sí;Sí;4;6,19,71,72;Ingresó ;;;;;;;;;;;;;;;;;;;;;;;;;;;
Márama y Rombai;2017;Mixto;Grupo;Cumbia pop;Uruaguay ;no ;No;0;0;PENDIENTE;2;No se dan;no;No;0;0;-;;;;;;;;;;;;;;;;;;;;;;;;;;;
Marco Antonio Solis ;2016;Hombre;Solista;Balada Romántica / pop;México;no ;PENDIENTE;0;0;PENDIENTE;2;No se dan;no;PENDIENTE;PENDIENTE;;-;;;;;;;;;;;;;;;;;;;;;;;;;;;
Ricardo Montaner;2016;Hombre;Solista;Balada romántica;Venezuela;no ;PENDIENTE;0;0;PENDIENTE;2;No se dan;;PENDIENTE;PENDIENTE;;-;;;;;;;;;;;;;;;;;;;;;;;;;;;
Eros Ramazzotti;2016;Hombre;Solista;Pop rock;Italia;no ;PENDIENTE;0;0;PENDIENTE;2;No se dan;;PENDIENTE;PENDIENTE;;-;;;;;;;;;;;;;;;;;;;;;;;;;;;
Ana Torroja;2016;Mujer;Solista;Pop;España;no ;PENDIENTE;0;0;PENDIENTE;2;No se dan;;PENDIENTE;PENDIENTE;;-;;;;;;;;;;;;;;;;;;;;;;;;;;;
Alejandro Sanz ;2016;Hombre;Solista;Balada romántica;España;Sí;PENDIENTE;1;18;PENDIENTE;2;No se dan;Sí;PENDIENTE;1;1;Subió;;;;;;;;;;;;;;;;;;;;;;;;;;;
Luis Jara;2016;Hombre;Solista;Romántico;Chile;no ;PENDIENTE;0;0;PENDIENTE;2;No se dan;;PENDIENTE;PENDIENTE;;-;;;;;;;;;;;;;;;;;;;;;;;;;;;
Lionel Richie ;2016;Hombre;Solista;Pop / soul / R&B;Estados Unidos;no ;PENDIENTE;0;0;PENDIENTE;2;No se dan;;PENDIENTE;PENDIENTE;;;;;;;;;;;;;;;;;;;;;;;;;;;;;
Rick Astley;2016;Hombre;Solista;Pop;Reino Unido;no ;PENDIENTE;0;0;PENDIENTE;2;No se dan;;PENDIENTE;PENDIENTE;;;;;;;;;;;;;;;;;;;;;;;;;;;;;
Pablo Alborán;2016;Hombre;Solista;Pop;España;no ;PENDIENTE;0;0;PENDIENTE;2;No se dan;;PENDIENTE;PENDIENTE;;;;;;;;;;;;;;;;;;;;;;;;;;;;;
Nicky Jam;2016;Hombre;Solista;Reggaeton;Estados Unidos;Sí;PENDIENTE;1;13;PENDIENTE;2;No se dan;Sí;PENDIENTE;1;10;Subió;;;;;;;;;;;;;;;;;;;;;;;;;;;
Wisin ;2016;Hombre;Solista;Reggaeton;Puerto Rico;Sí;PENDIENTE;2;7, 17;PENDIENTE;2;No se dan;Sí;PENDIENTE;2;4,17;Subió;;;;;;;;;;;;;;;;;;;;;;;;;;;
Don Omar ;2016;Hombre;Solista;Reggaeton;Puerto Rico;Sí;PENDIENTE;1;17;PENDIENTE;2;No se dan;Sí;PENDIENTE;1;17;Mantuvo;;;;;;;;;;;;;;;;;;;;;;;;;;;
Luis Fonsi;2015;Hombre;Solista;Pop latino;Puerto Rico;PENDIENTE;PENDIENTE;PENDIENTE;PENDIENTE;PENDIENTE;2;No se dan;PENDIENTE;PENDIENTE;PENDIENTE;PENDIENTE;PENDIENTE;;;;;;;;;;;;;;;;;;;;;;;;;;;
Yandel;2015;Hombre;Solista;Reggaeton;Puerto Rico;PENDIENTE;PENDIENTE;PENDIENTE;PENDIENTE;PENDIENTE;2;No se dan;PENDIENTE;PENDIENTE;PENDIENTE;PENDIENTE;PENDIENTE;;;;;;;;;;;;;;;;;;;;;;;;;;;
Ricardo Arjona ;2015;Hombre;Solista;Pop latino;Guatemala;PENDIENTE;PENDIENTE;PENDIENTE;PENDIENTE;PENDIENTE;2;No se dan;PENDIENTE;PENDIENTE;PENDIENTE;PENDIENTE;PENDIENTE;;;;;;;;;;;;;;;;;;;;;;;;;;;
Reik ;2015;Hombre;Grupo;Pop latino;México;PENDIENTE;PENDIENTE;PENDIENTE;PENDIENTE;PENDIENTE;2;No se dan;PENDIENTE;PENDIENTE;PENDIENTE;PENDIENTE;PENDIENTE;;;;;;;;;;;;;;;;;;;;;;;;;;;
Alejandro Fernández ;2015;Hombre;Solista;Ranchera / pop latino;México;PENDIENTE;PENDIENTE;PENDIENTE;PENDIENTE;PENDIENTE;2;No se dan;PENDIENTE;PENDIENTE;PENDIENTE;PENDIENTE;PENDIENTE;;;;;;;;;;;;;;;;;;;;;;;;;;;
Nicole;2015;Mujer;Solista;Pop rock;Chile;PENDIENTE;PENDIENTE;PENDIENTE;PENDIENTE;PENDIENTE;2;No se dan;PENDIENTE;PENDIENTE;PENDIENTE;PENDIENTE;PENDIENTE;;;;;;;;;;;;;;;;;;;;;;;;;;;
Emmanuel ;2015;Hombre;Solista;Balada romántica;México;PENDIENTE;PENDIENTE;PENDIENTE;PENDIENTE;PENDIENTE;2;No se dan;PENDIENTE;PENDIENTE;PENDIENTE;PENDIENTE;PENDIENTE;;;;;;;;;;;;;;;;;;;;;;;;;;;
Vicentico;2015;Hombre;Solista;Rock pop;Argentina;PENDIENTE;PENDIENTE;PENDIENTE;PENDIENTE;PENDIENTE;2;No se dan;PENDIENTE;PENDIENTE;PENDIENTE;PENDIENTE;PENDIENTE;;;;;;;;;;;;;;;;;;;;;;;;;;;
Pedro Aznar;2015;Hombre;Solista;Rock / jazz;Argentina;PENDIENTE;PENDIENTE;PENDIENTE;PENDIENTE;PENDIENTE;2;No se dan;PENDIENTE;PENDIENTE;PENDIENTE;PENDIENTE;PENDIENTE;;;;;;;;;;;;;;;;;;;;;;;;;;;
Cultura Profética ;2015;Hombre;Grupo;Reggae / salsa / hip hop / jazz;Puerto Rico;PENDIENTE;PENDIENTE;PENDIENTE;PENDIENTE;PENDIENTE;2;No se dan;PENDIENTE;PENDIENTE;PENDIENTE;PENDIENTE;PENDIENTE;;;;;;;;;;;;;;;;;;;;;;;;;;;
Romeo Santos ;2015;Hombre;Solista;Bachata;Estados Unidos ;PENDIENTE;PENDIENTE;PENDIENTE;PENDIENTE;PENDIENTE;2;No se dan;PENDIENTE;PENDIENTE;PENDIENTE;PENDIENTE;PENDIENTE;;;;;;;;;;;;;;;;;;;;;;;;;;;
Noche de Brujas ;2015;Hombre;Grupo;Cumbia ;Chile;PENDIENTE;PENDIENTE;PENDIENTE;PENDIENTE;PENDIENTE;2;No se dan;PENDIENTE;PENDIENTE;PENDIENTE;PENDIENTE;PENDIENTE;;;;;;;;;;;;;;;;;;;;;;;;;;;
Yusuf Cat Stevens ;2015;Hombre;Solista;Folk / rock / pop;Reino Unido;PENDIENTE;PENDIENTE;PENDIENTE;PENDIENTE;PENDIENTE;2;No se dan;PENDIENTE;PENDIENTE;PENDIENTE;PENDIENTE;PENDIENTE;;;;;;;;;;;;;;;;;;;;;;;;;;;
Nano Stern ;2015;Hombre;Solista;Jazz / trova / folk / rock ;Chile;PENDIENTE;PENDIENTE;PENDIENTE;PENDIENTE;PENDIENTE;2;No se dan;PENDIENTE;PENDIENTE;PENDIENTE;PENDIENTE;PENDIENTE;;;;;;;;;;;;;;;;;;;;;;;;;;;
Óscar D'León ;2015;Hombre;Solista;Salsa;Venezuela;PENDIENTE;PENDIENTE;PENDIENTE;PENDIENTE;PENDIENTE;2;No se dan;PENDIENTE;PENDIENTE;PENDIENTE;PENDIENTE;PENDIENTE;;;;;;;;;;;;;;;;;;;;;;;;;;;
Ricky Martin ;2014;Hombre;Solista;Pop latino;Puerto Rico;PENDIENTE;Sí;1;10;PENDIENTE;2;2;PENDIENTE;Sí;1;10;Mantuvo;;;;;;;;;;;;;;;;;;;;;;;;;;;
Los Tres;2014;Hombre;Grupo;Rock;Chile;PENDIENTE;Sí;1;56;PENDIENTE;2;2;PENDIENTE;Sí;1;79;Bajó;;;;;;;;;;;;;;;;;;;;;;;;;;;
Laura Pausini;2014;Mujer;Solista;Pop rock / balada ;Italia ;PENDIENTE;Sí;2;80,100c;PENDIENTE;2;2;PENDIENTE;Sí;2;68,80c;Subió;;;;;;;;;;;;;;;;;;;;;;;;;;;
Fito Páez;2014;Hombre;Solista;Rock;Argentina;PENDIENTE;No;0;0;PENDIENTE;2;2;PENDIENTE;No;0;0;-;;;;;;;;;;;;;;;;;;;;;;;;;;;
Ana Gabriel ;2014;Mujer;Solista;Pop latino / balada romántica / ranchera;México;PENDIENTE;No;0;0;PENDIENTE;2;2;PENDIENTE;No;0;0;-;;;;;;;;;;;;;;;;;;;;;;;;;;;
Raphael;2014;Hombre;Solista;Balada;España;PENDIENTE;No;0;0;PENDIENTE;2;2;PENDIENTE;No;0;0;-;;;;;;;;;;;;;;;;;;;;;;;;;;;
La Ley;2014;Hombre;Grupo;Rock;Chile;PENDIENTE;No;0;0;PENDIENTE;2;2;PENDIENTE;No;0;0;-;;;;;;;;;;;;;;;;;;;;;;;;;;;
Carlos Vives ;2014;Hombre;Solista;Pop tropical;Colombia;PENDIENTE;No;0;0;PENDIENTE;2;2;PENDIENTE;Sí;1;81;Ingresó;;;;;;;;;;;;;;;;;;;;;;;;;;;
Gepe;2014;Hombre;Solista;Folclore / pop;Chile;PENDIENTE;No;0;0;PENDIENTE;2;2;PENDIENTE;No;0;0;-;;;;;;;;;;;;;;;;;;;;;;;;;;;
Yandar & Yostin;2014;Hombre;Duo;Reggaeton urbano;Colombia;PENDIENTE;Sí;1;5;PENDIENTE;2;2;PENDIENTE;Sí;1;5;-;;;;;;;;;;;;;;;;;;;;;;;;;;;
Rod Stewart ;2014;Hombre;Solista;Rock ;Inglaterra;PENDIENTE;No;0;0;PENDIENTE;2;2;PENDIENTE;No;0;0;-;;;;;;;;;;;;;;;;;;;;;;;;;;;
Paloma San Basilio ;2014;Mujer;Solista;Balada / copla;España;PENDIENTE;No;0;0;PENDIENTE;2;2;PENDIENTE;No;0;0;-;;;;;;;;;;;;;;;;;;;;;;;;;;;
La Sonora Palacios  ;2014;Hombre;Grupo;Cumbia ;Chile;PENDIENTE;No;0;0;PENDIENTE;2;2;PENDIENTE;No;0;0;-;;;;;;;;;;;;;;;;;;;;;;;;;;;
Jesse & Joy;2014;Mixto;Duo;Pop;México;PENDIENTE;Sí;2;18,34;PENDIENTE;2;2;PENDIENTE;Sí;3;19,32,95;Ingresó;;;;;;;;;;;;;;;;;;;;;;;;;;;
Melendi;2014;Hombre;Solista;Pop;España;PENDIENTE;Sí;2;41,57;PENDIENTE;2;2;PENDIENTE;Sí;2;46, 53;Subió;;;;;;;;;;;;;;;;;;;;;;;;;;;
Tommy Torres;2014;Hombre;Solista;Pop;Puerto Rico;PENDIENTE;Sí;1;86;PENDIENTE;2;2;PENDIENTE;No;0;0;Bajó;;;;;;;;;;;;;;;;;;;;;;;;;;;
Alexis & Fido;2014;Hombre;Duo;Reggaeton;Puerto Rico;PENDIENTE;No;0;0;PENDIENTE;2;2;PENDIENTE;No;0;0;-;;;;;;;;;;;;;;;;;;;;;;;;;;;
Maná;2013;Hombre;Grupo;Rock;México;PENDIENTE;Sí;1;32;PENDIENTE;2;2;PENDIENTE;Sí;1;33;;;;;;;;;;;;;;;;;;;;;;;;;;;;
Chino & Nacho;2013;Hombre;Duo;Pop latino / reggaeton;Venezuela;PENDIENTE;No;;;PENDIENTE;0;2;PENDIENTE;No;0;0;;;;;;;;;;;;;;;;;;;;;;;;;;;;
Romeo Santos ;2013;Hombre;Solista;Bachata;Estados Unidos;PENDIENTE;Sí;2;54,74;PENDIENTE;2;2;PENDIENTE;Sí;2;63,68;;;;;;;;;;;;;;;;;;;;;;;;;;;;
Daddy Yankee;2013;Hombre;Solista;Reggaeton;Puerto Rico;PENDIENTE;Sí;2;3, 49;PENDIENTE;2;2;PENDIENTE;Sí;2;2,6;;;;;;;;;;;;;;;;;;;;;;;;;;;;
Miguel Bosé ;2013;Hombre;Solista;Pop / baladas;España;PENDIENTE;Sí;1;16;PENDIENTE;2;2;PENDIENTE;Sí;1;17;;;;;;;;;;;;;;;;;;;;;;;;;;;;
Jonas Brothers;2013;Hombre;Grupo;Pop;Estados Unidos;PENDIENTE;No;0;0;PENDIENTE;2;2;PENDIENTE;No;0;0;;;;;;;;;;;;;;;;;;;;;;;;;;;;
31 Minutos;2013;Mixto;Grupo;Rock / funk / folclore / electrónica;Chile;PENDIENTE;No;0;0;PENDIENTE;2;2;PENDIENTE;No;0;0;;;;;;;;;;;;;;;;;;;;;;;;;;;;
Francisca Valenzuela ;2013;Mujer;Solista;Pop rock;Chile;PENDIENTE;No;0;0;PENDIENTE;2;2;PENDIENTE;No;0;0;;;;;;;;;;;;;;;;;;;;;;;;;;;;
Jorge González;2013;Hombre;Solista;Pop rock;Chile;PENDIENTE;No;0;0;PENDIENTE;2;2;PENDIENTE;No;0;0;;;;;;;;;;;;;;;;;;;;;;;;;;;;
Elton John ;2013;Hombre;Solista;Rock / pop;Inglaterra;PENDIENTE;No;0;0;PENDIENTE;2;2;PENDIENTE;No;0;0;;;;;;;;;;;;;;;;;;;;;;;;;;;;
Albert Hammond;2013;Hombre;Solista;Pop;Reino Unido;PENDIENTE;No;0;0;PENDIENTE;1;2;PENDIENTE;No;0;0;;;;;;;;;;;;;;;;;;;;;;;;;;;;
La Sonora de Tommy Rey ;2013;Hombre;Grupo;Cumbia ;Chile;PENDIENTE;No;0;0;PENDIENTE;2;2;PENDIENTE;No;0;0;;;;;;;;;;;;;;;;;;;;;;;;;;;;
Wisin & Yandel ;2013;Hombre;Duo;Reggaeton;Puerto Rico;PENDIENTE;Sí;2;1,10,;PENDIENTE;2;2;PENDIENTE;Sí;2;1,13;;;;;;;;;;;;;;;;;;;;;;;;;;;;
Gloria Trevi;2013;Mujer;Solista;Pop latino / rock;México;PENDIENTE;No;0;0;PENDIENTE;2;2;PENDIENTE;No;0;0;;;;;;;;;;;;;;;;;;;;;;;;;;;;
Pablo Alborán;2013;Hombre;Solista;Pop;España;PENDIENTE;Sí;3;18,24,66;PENDIENTE;2;2;PENDIENTE;No;0;0;;;;;;;;;;;;;;;;;;;;;;;;;;;;
Los Auténticos Decadentes ;2013;Hombre;Grupo;Rock / ska;Argentina;PENDIENTE;No;0;0;PENDIENTE;2;2;PENDIENTE;No;0;0;;;;;;;;;;;;;;;;;;;;;;;;;;;;
Diego Torres;2012;Hombre;Solista;Pop latino;Argentina;no;PENDIENTE;0;0;PENDIENTE;0;2;no;PENDIENTE;0;0;-;;;;;;;;;;;;;;;;;;;;;;;;;;;
Luis Miguel ;2012;Hombre;Solista;Pop latino / bolero / marichi;México;no;PENDIENTE;0;0;PENDIENTE;3;0;no;PENDIENTE;0;0;-;;;;;;;;;;;;;;;;;;;;;;;;;;;
Camila;2012;Hombre;Grupo;Pop rock;México;no;PENDIENTE;0;0;PENDIENTE;1;2;no;PENDIENTE;0;0;-;;;;;;;;;;;;;;;;;;;;;;;;;;;
Marc Anthony ;2012;Hombre;Solista;Salsa;Estados Unidos/ Puerto Rico;no;PENDIENTE;0;0;PENDIENTE;2;2;no;PENDIENTE;0;0;-;;;;;;;;;;;;;;;;;;;;;;;;;;;
Daniel Muñoz;2012;Hombre;Solista;Cueca urbana ;Chile;no;PENDIENTE;0;0;PENDIENTE;0;2;no;PENDIENTE;0;0;-;;;;;;;;;;;;;;;;;;;;;;;;;;;
Salvatore Adamo ;2012;Hombre;Solista;Balada Romántica / pop;Italia / Bélgica;no;PENDIENTE;0;0;PENDIENTE;1;2;no;PENDIENTE;0;0;-;;;;;;;;;;;;;;;;;;;;;;;;;;;
Morrissey ;2012;Hombre;Solista;Rock alternativo;Inglaterra;no;PENDIENTE;0;0;PENDIENTE;0;0;no;PENDIENTE;0;0;-;;;;;;;;;;;;;;;;;;;;;;;;;;;
Los Bunkers;2012;Hombre;Grupo;Rock alternativo;Chile;no;PENDIENTE;0;0;PENDIENTE;2;2;no;PENDIENTE;0;0;-;;;;;;;;;;;;;;;;;;;;;;;;;;;
Manuel García;2012;Hombre;Solista;Rock / trova / folk;Chile;no;PENDIENTE;0;0;PENDIENTE;2;2;no;PENDIENTE;0;0;-;;;;;;;;;;;;;;;;;;;;;;;;;;;
Garras de Amor;2012;Hombre;Grupo;Cumbia Romántica;Argentina;no;PENDIENTE;0;0;PENDIENTE;0;0;no;PENDIENTE;0;0;-;;;;;;;;;;;;;;;;;;;;;;;;;;;
Ráfaga ;2012;Hombre;Grupo;Cumbia ;Argentina;no;PENDIENTE;0;0;PENDIENTE;0;0;no;PENDIENTE;0;0;-;;;;;;;;;;;;;;;;;;;;;;;;;;;
Luis Fonsi ;2012;Hombre;Solista;Pop latino;Puerto Rico;no;PENDIENTE;0;0;PENDIENTE;2;2;no;PENDIENTE;0;0;-;;;;;;;;;;;;;;;;;;;;;;;;;;;
Rosana ;2012;Mujer;Solista;Pop latino / folk pop;España;no;PENDIENTE;0;0;PENDIENTE;2;2;no;PENDIENTE;0;0;-;;;;;;;;;;;;;;;;;;;;;;;;;;;
Prince Royce ;2012;Hombre;Solista;Bachata;Estados Unidos;Sí;PENDIENTE;1;18;PENDIENTE;1;2;Si ;PENDIENTE;1;8;Subió;;;;;;;;;;;;;;;;;;;;;;;;;;;
José Luis Perales ;2012;Hombre;Solista;Balada / jazz;España;no ;PENDIENTE;0;0;PENDIENTE;2;2;no;PENDIENTE;0;0;-;;;;;;;;;;;;;;;;;;;;;;;;;;;
Juan Luis Guerra;2012;Hombre;Solista;Bachata;República Dominicana;no;PENDIENTE;0;0;PENDIENTE;2;2;no;PENDIENTE;0;0;-;;;;;;;;;;;;;;;;;;;;;;;;;;;
Roberto Carlos;2011;Hombre;Solista;Balada / rock / bossa nova;Brasil;no ;PENDIENTE;PENDIENTE;;PENDIENTE;1;2;no;PENDIENTE;0;0;0;;;;;;;;;;;;;;;;;;;;;;;;;;;
Yuri;2011;Mujer;Solista;Pop latino;México;no ;PENDIENTE;PENDIENTE;;PENDIENTE;1;2;no;PENDIENTE;0;0;0;;;;;;;;;;;;;;;;;;;;;;;;;;;
Américo;2011;Hombre;Solista;Cumbia tropical ;Chile;no ;PENDIENTE;PENDIENTE;;PENDIENTE;1;2;no;PENDIENTE;0;0;0;;;;;;;;;;;;;;;;;;;;;;;;;;;
Aventura;2011;Hombre;Grupo;Bachata;República Dominicana;Sí;PENDIENTE;1;16;PENDIENTE;2;2;Si ;PENDIENTE;1;12;Subió;;;;;;;;;;;;;;;;;;;;;;;;;;;
Marco Antonio Solis;2011;Hombre;Solista;Balada Romántica / pop;México;no ;PENDIENTE;PENDIENTE;;PENDIENTE;1;2;no;PENDIENTE;0;0;0;;;;;;;;;;;;;;;;;;;;;;;;;;;
Calle 13 ;2011;Mixto;Grupo;Rap fusión latino;Puerto Rico;no;PENDIENTE;PENDIENTE;;PENDIENTE;0;1;;PENDIENTE;0;0;0;;;;;;;;;;;;;;;;;;;;;;;;;;;
Chayanne;2011;Hombre;Solista;Pop latino;Puerto Rico;no;PENDIENTE;PENDIENTE;;PENDIENTE;2;2;Sí;PENDIENTE;1;9;ingresó;;;;;;;;;;;;;;;;;;;;;;;;;;;
Carlos Baute;2011;Hombre;Solista;Pop;Venezuela;no;PENDIENTE;PENDIENTE;;PENDIENTE;0;1;Sí;PENDIENTE;1;15;ingresó;;;;;;;;;;;;;;;;;;;;;;;;;;;
Pitbull;2011;Hombre;Solista;Hip hop / reggaeton;Estados Unidos;Sí;PENDIENTE;1;11;PENDIENTE;0;2;Sí;PENDIENTE;1;14;i;;;;;;;;;;;;;;;;;;;;;;;;;;;
Sting;2011;Hombre;Solista;Pop rock;Reino Unido;no;PENDIENTE;PENDIENTE;;PENDIENTE;2;2;no;PENDIENTE;0;0;0;;;;;;;;;;;;;;;;;;;;;;;;;;;
Los Jaivas;2011;Mixto;Grupo;Rock folclórico;Chile;no;PENDIENTE;PENDIENTE;;PENDIENTE;2;2;no;PENDIENTE;0;0;0;;;;;;;;;;;;;;;;;;;;;;;;;;;
Alejandro Sanz;2011;Hombre;Solista;Balada romántica;España;no;PENDIENTE;PENDIENTE;;PENDIENTE;2;2;no;PENDIENTE;0;0;0;;;;;;;;;;;;;;;;;;;;;;;;;;;
Noel Schajris;2011;Hombre;Solista;Pop latino / balada romántica;Argentina / México;no;PENDIENTE;PENDIENTE;;PENDIENTE;0;2;no;PENDIENTE;0;0;0;;;;;;;;;;;;;;;;;;;;;;;;;;;
Villa Cariño y Los Vikings 5;2011;Hombre;Grupo;Cumbia ;Chile;no;PENDIENTE;PENDIENTE;;PENDIENTE;0;2;no;PENDIENTE;0;0;0;;;;;;;;;;;;;;;;;;;;;;;;;;;
Reik;2010;Hombre;Grupo;Pop latino;México;no ;PENDIENTE;0;0;PENDIENTE;0;2;;PENDIENTE;0;0;0;;;;;;;;;;;;;;;;;;;;;;;;;;;
Don Omar ;2010;Hombre;Solista;Reggaeton;Puerto Rico;Sí;PENDIENTE;1;20;PENDIENTE;1;2;Sí;PENDIENTE;1;11;Subió;;;;;;;;;;;;;;;;;;;;;;;;;;;
Raphael;2010;Hombre;Solista;Balada;España;no ;PENDIENTE;0;0;PENDIENTE;1;2;no;PENDIENTE;0;0;0;;;;;;;;;;;;;;;;;;;;;;;;;;;
Miranda!;2010;Mixto;Duo;Electropop;Argentina / México;no ;PENDIENTE;0;0;PENDIENTE;0;2;no;PENDIENTE;0;0;0;;;;;;;;;;;;;;;;;;;;;;;;;;;
Américo;2010;Hombre;Solista;Cumbia tropical ;Chile;Sí;PENDIENTE;1;13;PENDIENTE;2;2;Sí;PENDIENTE;2;5, 19;Ingresó y subió;;;;;;;;;;;;;;;;;;;;;;;;;;;
Paul Anka;2010;Hombre;Solista;Pop / jazz;Canadá;no;PENDIENTE;0;0;PENDIENTE;1;2;no;PENDIENTE;0;0;0;;;;;;;;;;;;;;;;;;;;;;;;;;;
Tito el Bambino;2010;Hombre;Solista;Reggaeton;Puerto Rico;no;PENDIENTE;0;0;PENDIENTE;1;2;no;PENDIENTE;0;0;0;;;;;;;;;;;;;;;;;;;;;;;;;;;
La Noche ;2010;Hombre;Grupo;Tropical / cumbia ;Chile;no;PENDIENTE;0;0;PENDIENTE;1;2;no;PENDIENTE;0;0;0;;;;;;;;;;;;;;;;;;;;;;;;;;;
Ricardo Arjona;2010;Hombre;Solista;Pop latino ;Guatemala;no;PENDIENTE;0;0;PENDIENTE;2;2;no;PENDIENTE;0;0;0;;;;;;;;;;;;;;;;;;;;;;;;;;;
Fanny Lu;2010;Mujer;Solista;Pop latino / tropipop;Colombia ;no;PENDIENTE;0;0;PENDIENTE;0;0;no;PENDIENTE;0;0;0;;;;;;;;;;;;;;;;;;;;;;;;;;;
Joan Manuel Serrat;2009;Hombre;Solista;Folk / pop melódico;España;PENDIENTE;PENDIENTE;PENDIENTE;;PENDIENTE;0;1;PENDIENTE;PENDIENTE;PENDIENTE;PENDIENTE;PENDIENTE;;;;;;;;;;;;;;;;;;;;;;;;;;;
La Noche ;2009;Hombre;Grupo;Tropical / cumbia ;Chile;PENDIENTE;PENDIENTE;PENDIENTE;;PENDIENTE;1;2;PENDIENTE;PENDIENTE;PENDIENTE;PENDIENTE;PENDIENTE;;;;;;;;;;;;;;;;;;;;;;;;;;;
Juanes ;2009;Hombre;Solista;Pop latino / rock;Colombia ;PENDIENTE;PENDIENTE;PENDIENTE;;PENDIENTE;1;2;PENDIENTE;PENDIENTE;PENDIENTE;PENDIENTE;PENDIENTE;;;;;;;;;;;;;;;;;;;;;;;;;;;
Camila;2009;Hombre;Grupo;Pop rock;México;PENDIENTE;PENDIENTE;PENDIENTE;;PENDIENTE;1;2;PENDIENTE;PENDIENTE;PENDIENTE;PENDIENTE;PENDIENTE;;;;;;;;;;;;;;;;;;;;;;;;;;;
Fernando Ubiergo;2009;Hombre;Solista;Nueva canción chilena / balada;Chile;PENDIENTE;PENDIENTE;PENDIENTE;;PENDIENTE;1;2;PENDIENTE;PENDIENTE;PENDIENTE;PENDIENTE;PENDIENTE;;;;;;;;;;;;;;;;;;;;;;;;;;;
K.C and the Sunshine Band;2009;Mixto;Grupo;Funk / disco;Estados Unidos;PENDIENTE;PENDIENTE;PENDIENTE;;PENDIENTE;1;2;PENDIENTE;PENDIENTE;PENDIENTE;PENDIENTE;PENDIENTE;;;;;;;;;;;;;;;;;;;;;;;;;;;
Carlos Santana;2009;Hombre;Solista;Rock / música latina;México;PENDIENTE;PENDIENTE;PENDIENTE;;PENDIENTE;1;2;PENDIENTE;PENDIENTE;PENDIENTE;PENDIENTE;PENDIENTE;;;;;;;;;;;;;;;;;;;;;;;;;;;
Roger Hodgson;2009;Hombre;Solista;Rock progresivo;Inglaterra;PENDIENTE;PENDIENTE;PENDIENTE;;PENDIENTE;1;2;PENDIENTE;PENDIENTE;PENDIENTE;PENDIENTE;PENDIENTE;;;;;;;;;;;;;;;;;;;;;;;;;;;
Simply Red;2009;Hombre;Grupo;Soul / pop;Inglaterra;PENDIENTE;PENDIENTE;PENDIENTE;;PENDIENTE;1;2;PENDIENTE;PENDIENTE;PENDIENTE;PENDIENTE;PENDIENTE;;;;;;;;;;;;;;;;;;;;;;;;;;;
Paolo Meneguzzi;2009;Hombre;Solista;Pop ;Suiza;PENDIENTE;PENDIENTE;PENDIENTE;;PENDIENTE;0;0;PENDIENTE;PENDIENTE;PENDIENTE;PENDIENTE;PENDIENTE;;;;;;;;;;;;;;;;;;;;;;;;;;;
R.K.M . & Ken-Y;2009;Hombre;Duo;Reggaeton;Puerto Rico;PENDIENTE;PENDIENTE;PENDIENTE;;PENDIENTE;1;2;PENDIENTE;PENDIENTE;PENDIENTE;PENDIENTE;PENDIENTE;;;;;;;;;;;;;;;;;;;;;;;;;;;
Luis Fonsi;2009;Hombre;Solista;Pop latino;Puerto Rico;PENDIENTE;PENDIENTE;PENDIENTE;;PENDIENTE;1;2;PENDIENTE;PENDIENTE;PENDIENTE;PENDIENTE;PENDIENTE;;;;;;;;;;;;;;;;;;;;;;;;;;;
Daddy Yankee;2009;Hombre;Solista;Reggaeton;Puerto Rico;Sí;PENDIENTE;2;1,20c;PENDIENTE;1;2;PENDIENTE;PENDIENTE;PENDIENTE;PENDIENTE;PENDIENTE;;;;;;;;;;;;;;;;;;;;;;;;;;;
Natalino ;2009;Hombre;Solista;Balada pop romántica ;Chile;PENDIENTE;PENDIENTE;PENDIENTE;;PENDIENTE;0;2;PENDIENTE;PENDIENTE;PENDIENTE;PENDIENTE;PENDIENTE;;;;;;;;;;;;;;;;;;;;;;;;;;;
Marc Anthony;2009;Hombre;Solista;Salsa;Estados Unidos / Puerto Rico;PENDIENTE;PENDIENTE;PENDIENTE;;PENDIENTE;1;2;PENDIENTE;PENDIENTE;PENDIENTE;PENDIENTE;PENDIENTE;;;;;;;;;;;;;;;;;;;;;;;;;;;
Miguel Bosé;2008;Hombre;Solista;Pop / baladas;España;PENDIENTE;PENDIENTE;PENDIENTE;;PENDIENTE;0;2;PENDIENTE;PENDIENTE;PENDIENTE;PENDIENTE;PENDIENTE;;;;;;;;;;;;;;;;;;;;;;;;;;;
Six Pack (Karkú);2008;Mixto;Grupo;Pop;Chile;PENDIENTE;PENDIENTE;PENDIENTE;;PENDIENTE;0;0;PENDIENTE;PENDIENTE;PENDIENTE;PENDIENTE;PENDIENTE;;;;;;;;;;;;;;;;;;;;;;;;;;;
Earth, Wind & Fire;2008;Hombre;Grupo;Funk / soul / disco;Estados Unidos;PENDIENTE;PENDIENTE;PENDIENTE;;PENDIENTE;1;2;PENDIENTE;PENDIENTE;PENDIENTE;PENDIENTE;PENDIENTE;;;;;;;;;;;;;;;;;;;;;;;;;;;
Journey;2008;Hombre;Grupo;Rock;Estados Unidos ;PENDIENTE;PENDIENTE;PENDIENTE;;PENDIENTE;1;2;PENDIENTE;PENDIENTE;PENDIENTE;PENDIENTE;PENDIENTE;;;;;;;;;;;;;;;;;;;;;;;;;;;
Sinergia;2008;Hombre;Grupo;Metal alternativo;Chile;PENDIENTE;PENDIENTE;PENDIENTE;;PENDIENTE;1;2;PENDIENTE;PENDIENTE;PENDIENTE;PENDIENTE;PENDIENTE;;;;;;;;;;;;;;;;;;;;;;;;;;;
Peter Frampton;2008;Hombre;Solista;Rock;Inglaterra;PENDIENTE;PENDIENTE;PENDIENTE;;PENDIENTE;1;2;PENDIENTE;PENDIENTE;PENDIENTE;PENDIENTE;PENDIENTE;;;;;;;;;;;;;;;;;;;;;;;;;;;
Franco De Vita;2008;Hombre;Solista;Pop latino;Venezuela;PENDIENTE;PENDIENTE;PENDIENTE;;PENDIENTE;2;2;PENDIENTE;PENDIENTE;PENDIENTE;PENDIENTE;PENDIENTE;;;;;;;;;;;;;;;;;;;;;;;;;;;
Nelly Furtado;2008;Mujer;Solista;Pop / R&B ;Canadá;PENDIENTE;PENDIENTE;PENDIENTE;;PENDIENTE;1;2;PENDIENTE;PENDIENTE;PENDIENTE;PENDIENTE;PENDIENTE;;;;;;;;;;;;;;;;;;;;;;;;;;;
Amango;2008;Mixto;Grupo;Pop;Chile;PENDIENTE;PENDIENTE;PENDIENTE;;PENDIENTE;0;1;PENDIENTE;PENDIENTE;PENDIENTE;PENDIENTE;PENDIENTE;;;;;;;;;;;;;;;;;;;;;;;;;;;
Calle 13 ;2008;Mixto;Grupo;Rap fusión latino;Puerto Rico;PENDIENTE;PENDIENTE;PENDIENTE;;PENDIENTE;1;2;PENDIENTE;PENDIENTE;PENDIENTE;PENDIENTE;PENDIENTE;;;;;;;;;;;;;;;;;;;;;;;;;;;
Marco Antonio Solis;2008;Hombre;Solista;Balada Romántica / pop;México;PENDIENTE;PENDIENTE;PENDIENTE;;PENDIENTE;1;2;PENDIENTE;PENDIENTE;PENDIENTE;PENDIENTE;PENDIENTE;;;;;;;;;;;;;;;;;;;;;;;;;;;
Coti;2008;Hombre;Solista;Pop rock;Argentina ;PENDIENTE;PENDIENTE;PENDIENTE;;PENDIENTE;0;0;PENDIENTE;PENDIENTE;PENDIENTE;PENDIENTE;PENDIENTE;;;;;;;;;;;;;;;;;;;;;;;;;;;
Vicentico;2008;Hombre;Solista;Rock pop;Argentina ;PENDIENTE;PENDIENTE;PENDIENTE;;PENDIENTE;0;2;PENDIENTE;PENDIENTE;PENDIENTE;PENDIENTE;PENDIENTE;;;;;;;;;;;;;;;;;;;;;;;;;;;
Chayanne;2008;Hombre;Solista;Pop latino;Puerto Rico;PENDIENTE;PENDIENTE;PENDIENTE;;PENDIENTE;1;2;PENDIENTE;PENDIENTE;PENDIENTE;PENDIENTE;PENDIENTE;;;;;;;;;;;;;;;;;;;;;;;;;;;
Buddy Richard;2008;Hombre;Solista;Nueva ola / balada / rock;Chile;PENDIENTE;PENDIENTE;PENDIENTE;;PENDIENTE;1;2;PENDIENTE;PENDIENTE;PENDIENTE;PENDIENTE;PENDIENTE;;;;;;;;;;;;;;;;;;;;;;;;;;;
Wisin & Yandel ;2008;Hombre;Duo;Reggaeton;Puerto Rico;PENDIENTE;PENDIENTE;PENDIENTE;;PENDIENTE;1;2;PENDIENTE;PENDIENTE;PENDIENTE;PENDIENTE;PENDIENTE;;;;;;;;;;;;;;;;;;;;;;;;;;;
La oreja de Van Gogh;2007;Mixto;Grupo;Pop rock;España;PENDIENTE;PENDIENTE;PENDIENTE;;PENDIENTE;0;2;PENDIENTE;PENDIENTE;PENDIENTE;PENDIENTE;PENDIENTE;;;;;;;;;;;;;;;;;;;;;;;;;;;
Bacilos;2007;Hombre;Grupo;Pop latino ;Estados Unidos;PENDIENTE;PENDIENTE;PENDIENTE;;PENDIENTE;0;2;PENDIENTE;PENDIENTE;PENDIENTE;PENDIENTE;PENDIENTE;;;;;;;;;;;;;;;;;;;;;;;;;;;
Tom Jones;2007;Hombre;Solista;Pop / R&B / soul;Inglaterra;PENDIENTE;PENDIENTE;PENDIENTE;;PENDIENTE;1;2;PENDIENTE;PENDIENTE;PENDIENTE;PENDIENTE;PENDIENTE;;;;;;;;;;;;;;;;;;;;;;;;;;;
Mario Guerrero ;2007;Hombre;Solista;Baladas / pop ;Chile;PENDIENTE;PENDIENTE;PENDIENTE;;PENDIENTE;0;0;PENDIENTE;PENDIENTE;PENDIENTE;PENDIENTE;PENDIENTE;;;;;;;;;;;;;;;;;;;;;;;;;;;
Los Bunkers;2007;Hombre;Grupo;Rock alternativo;Chile;PENDIENTE;PENDIENTE;PENDIENTE;;PENDIENTE;0;2;PENDIENTE;PENDIENTE;PENDIENTE;PENDIENTE;PENDIENTE;;;;;;;;;;;;;;;;;;;;;;;;;;;
Gustavo Cerati;2007;Hombre;Solista;Rock / pop;Argentina;PENDIENTE;PENDIENTE;PENDIENTE;;PENDIENTE;1;2;PENDIENTE;PENDIENTE;PENDIENTE;PENDIENTE;PENDIENTE;;;;;;;;;;;;;;;;;;;;;;;;;;;
Ana Torroja;2007;Mujer;Solista;Pop;España;PENDIENTE;PENDIENTE;PENDIENTE;;PENDIENTE;0;1;PENDIENTE;PENDIENTE;PENDIENTE;PENDIENTE;PENDIENTE;;;;;;;;;;;;;;;;;;;;;;;;;;;
Kudai;2007;Mixto;Grupo;Pop rock;Chile;PENDIENTE;PENDIENTE;PENDIENTE;;PENDIENTE;0;2;PENDIENTE;PENDIENTE;PENDIENTE;PENDIENTE;PENDIENTE;;;;;;;;;;;;;;;;;;;;;;;;;;;
Los tres;2007;Hombre;Grupo;Rock;Chile;PENDIENTE;PENDIENTE;PENDIENTE;;PENDIENTE;1;2;PENDIENTE;PENDIENTE;PENDIENTE;PENDIENTE;PENDIENTE;;;;;;;;;;;;;;;;;;;;;;;;;;;
Fito Páez;2007;Hombre;Solista;Rock;Argentina;PENDIENTE;PENDIENTE;PENDIENTE;;PENDIENTE;1;2;PENDIENTE;PENDIENTE;PENDIENTE;PENDIENTE;PENDIENTE;;;;;;;;;;;;;;;;;;;;;;;;;;;
Bryan Adams;2007;Hombre;Solista;Hard rock / pop rock;Canadá;PENDIENTE;PENDIENTE;PENDIENTE;;PENDIENTE;1;2;PENDIENTE;PENDIENTE;PENDIENTE;PENDIENTE;PENDIENTE;;;;;;;;;;;;;;;;;;;;;;;;;;;
Luis Jara;2007;Hombre;Solista;Romántico;Chile;PENDIENTE;PENDIENTE;PENDIENTE;;PENDIENTE;0;2;PENDIENTE;PENDIENTE;PENDIENTE;PENDIENTE;PENDIENTE;;;;;;;;;;;;;;;;;;;;;;;;;;;
Lucybell;2007;Hombre;Grupo;Rock;Chile;PENDIENTE;PENDIENTE;PENDIENTE;;PENDIENTE;1;2;PENDIENTE;PENDIENTE;PENDIENTE;PENDIENTE;PENDIENTE;;;;;;;;;;;;;;;;;;;;;;;;;;;
Ricky Martin ;2007;Hombre;Solista;Pop latino;Puerto Rico;PENDIENTE;PENDIENTE;PENDIENTE;;PENDIENTE;2;2;PENDIENTE;PENDIENTE;PENDIENTE;PENDIENTE;PENDIENTE;;;;;;;;;;;;;;;;;;;;;;;;;;;
Axel;2007;Hombre;Solista;Balada Romántica / pop latino;Argentina;PENDIENTE;PENDIENTE;PENDIENTE;;PENDIENTE;0;0;PENDIENTE;PENDIENTE;PENDIENTE;PENDIENTE;PENDIENTE;;;;;;;;;;;;;;;;;;;;;;;;;;;
Don Omar ;2007;Hombre;Solista;Reggaeton;Puerto Rico;PENDIENTE;PENDIENTE;PENDIENTE;;PENDIENTE;1;2;PENDIENTE;PENDIENTE;PENDIENTE;PENDIENTE;PENDIENTE;;;;;;;;;;;;;;;;;;;;;;;;;;;
Juan Luis Guerra;2006;Hombre;Solista;Bachata;República Dominicana;PENDIENTE;PENDIENTE;PENDIENTE;;PENDIENTE;0;2;PENDIENTE;PENDIENTE;PENDIENTE;PENDIENTE;PENDIENTE;;;;;;;;;;;;;;;;;;;;;;;;;;;
Andy & Lucas;2006;Hombre;Duo;Pop / flamenco;España;PENDIENTE;PENDIENTE;PENDIENTE;;PENDIENTE;0;0;PENDIENTE;PENDIENTE;PENDIENTE;PENDIENTE;PENDIENTE;;;;;;;;;;;;;;;;;;;;;;;;;;;
Miranda!;2006;Mixto;Duo;Electropop;Argentina;PENDIENTE;PENDIENTE;PENDIENTE;;PENDIENTE;1;2;PENDIENTE;PENDIENTE;PENDIENTE;PENDIENTE;PENDIENTE;;;;;;;;;;;;;;;;;;;;;;;;;;;
Jose Feliciano;2006;Hombre;Solista;Pop latino / bolero ;Puerto Rico / Estados Unidos;PENDIENTE;PENDIENTE;PENDIENTE;;PENDIENTE;1;2;PENDIENTE;PENDIENTE;PENDIENTE;PENDIENTE;PENDIENTE;;;;;;;;;;;;;;;;;;;;;;;;;;;
Sin Bandera;2006;Hombre;Grupo;Pop / baladas / ranchera;México;PENDIENTE;PENDIENTE;PENDIENTE;;PENDIENTE;1;2;PENDIENTE;PENDIENTE;PENDIENTE;PENDIENTE;PENDIENTE;;;;;;;;;;;;;;;;;;;;;;;;;;;
Illapu;2006;Hombre;Grupo;Música andina / fusión latinoamericana;Chile;PENDIENTE;PENDIENTE;PENDIENTE;;PENDIENTE;0;2;PENDIENTE;PENDIENTE;PENDIENTE;PENDIENTE;PENDIENTE;;;;;;;;;;;;;;;;;;;;;;;;;;;
A-ha;2006;Hombre;Grupo;Pop rock;Noruega;PENDIENTE;PENDIENTE;PENDIENTE;;PENDIENTE;1;2;PENDIENTE;PENDIENTE;PENDIENTE;PENDIENTE;PENDIENTE;;;;;;;;;;;;;;;;;;;;;;;;;;;
Los tigres del norte;2006;Hombre;Grupo;Regional mexicana ;México;PENDIENTE;PENDIENTE;PENDIENTE;;PENDIENTE;0;0;PENDIENTE;PENDIENTE;PENDIENTE;PENDIENTE;PENDIENTE;;;;;;;;;;;;;;;;;;;;;;;;;;;
Javier Estrada;2006;Hombre;Solista;Pop / rock / baladas románticas ;España;PENDIENTE;PENDIENTE;PENDIENTE;;PENDIENTE;0;0;PENDIENTE;PENDIENTE;PENDIENTE;PENDIENTE;PENDIENTE;;;;;;;;;;;;;;;;;;;;;;;;;;;
Chancho en Piedra;2006;Hombre;Grupo;Rock alternativo;Chile;PENDIENTE;PENDIENTE;PENDIENTE;;PENDIENTE;1;2;PENDIENTE;PENDIENTE;PENDIENTE;PENDIENTE;PENDIENTE;;;;;;;;;;;;;;;;;;;;;;;;;;;
Kansas;2006;Hombre;Grupo;Rock progresivo / hard rock;Estados Unidos;PENDIENTE;PENDIENTE;PENDIENTE;;PENDIENTE;0;1;PENDIENTE;PENDIENTE;PENDIENTE;PENDIENTE;PENDIENTE;;;;;;;;;;;;;;;;;;;;;;;;;;;
Joe Vasconcellos;2006;Hombre;Solista;Pop rock;Chile;PENDIENTE;PENDIENTE;PENDIENTE;;PENDIENTE;0;1;PENDIENTE;PENDIENTE;PENDIENTE;PENDIENTE;PENDIENTE;;;;;;;;;;;;;;;;;;;;;;;;;;;
Alejandro Fernández ;2006;Hombre;Solista;Ranchera / pop latino;México;PENDIENTE;PENDIENTE;PENDIENTE;;PENDIENTE;1;2;PENDIENTE;PENDIENTE;PENDIENTE;PENDIENTE;PENDIENTE;;;;;;;;;;;;;;;;;;;;;;;;;;;
Amaral;2006;Mixto;Grupo;Folk rock / pop rock;España;PENDIENTE;PENDIENTE;PENDIENTE;;PENDIENTE;0;1;PENDIENTE;PENDIENTE;PENDIENTE;PENDIENTE;PENDIENTE;;;;;;;;;;;;;;;;;;;;;;;;;;;
Daddy Yankee;2006;Hombre;Solista;Reggaeton;Puerto Rico;PENDIENTE;PENDIENTE;PENDIENTE;;PENDIENTE;1;2;PENDIENTE;PENDIENTE;PENDIENTE;PENDIENTE;PENDIENTE;;;;;;;;;;;;;;;;;;;;;;;;;;;
Franz Ferdinand;2006;Mixto;Grupo;Indie Rock;Escocia;PENDIENTE;PENDIENTE;PENDIENTE;;PENDIENTE;1;2;PENDIENTE;PENDIENTE;PENDIENTE;PENDIENTE;PENDIENTE;;;;;;;;;;;;;;;;;;;;;;;;;;;
David DeMaría;2006;Hombre;Solista;Pop rock;España;PENDIENTE;PENDIENTE;PENDIENTE;;PENDIENTE;0;0;PENDIENTE;PENDIENTE;PENDIENTE;PENDIENTE;PENDIENTE;;;;;;;;;;;;;;;;;;;;;;;;;;;
La gran sonora de Chile;2006;Hombre;Grupo;Cumbia;Chile;PENDIENTE;PENDIENTE;PENDIENTE;;PENDIENTE;0;2;PENDIENTE;PENDIENTE;PENDIENTE;PENDIENTE;PENDIENTE;;;;;;;;;;;;;;;;;;;;;;;;;;;
Juanes ;2005;Hombre;Solista;Pop latino / rock;Colombia;PENDIENTE;PENDIENTE;PENDIENTE;;PENDIENTE;0;2;PENDIENTE;PENDIENTE;PENDIENTE;PENDIENTE;PENDIENTE;;;;;;;;;;;;;;;;;;;;;;;;;;;
La oreja de Van Gogh;2005;Mixto;Grupo;Pop rock;España;PENDIENTE;PENDIENTE;PENDIENTE;;PENDIENTE;1;2;PENDIENTE;PENDIENTE;PENDIENTE;PENDIENTE;PENDIENTE;;;;;;;;;;;;;;;;;;;;;;;;;;;
La Sonora Palacios  ;2005;Hombre;Grupo;Cumbia;Chile;PENDIENTE;PENDIENTE;PENDIENTE;;PENDIENTE;0;1;PENDIENTE;PENDIENTE;PENDIENTE;PENDIENTE;PENDIENTE;;;;;;;;;;;;;;;;;;;;;;;;;;;
Paulina Rubio;2005;Mujer;Solista;Pop latino ;México;PENDIENTE;PENDIENTE;PENDIENTE;;PENDIENTE;0;1;PENDIENTE;PENDIENTE;PENDIENTE;PENDIENTE;PENDIENTE;;;;;;;;;;;;;;;;;;;;;;;;;;;
Raphael;2005;Hombre;Solista;Balada;España;PENDIENTE;PENDIENTE;PENDIENTE;;PENDIENTE;1;2;PENDIENTE;PENDIENTE;PENDIENTE;PENDIENTE;PENDIENTE;;;;;;;;;;;;;;;;;;;;;;;;;;;
Babasonicos;2005;Hombre;Grupo;Pop rock;Argentina;PENDIENTE;PENDIENTE;PENDIENTE;;PENDIENTE;0;1;PENDIENTE;PENDIENTE;PENDIENTE;PENDIENTE;PENDIENTE;;;;;;;;;;;;;;;;;;;;;;;;;;;
Alberto Plaza;2005;Hombre;Solista;Trova romántica / balada ;Chile;PENDIENTE;PENDIENTE;PENDIENTE;;PENDIENTE;1;2;PENDIENTE;PENDIENTE;PENDIENTE;PENDIENTE;PENDIENTE;;;;;;;;;;;;;;;;;;;;;;;;;;;
Los hermanos Bustos;2005;Hombre;Duo;Ranchera;Chile;PENDIENTE;PENDIENTE;PENDIENTE;;PENDIENTE;0;2;PENDIENTE;PENDIENTE;PENDIENTE;PENDIENTE;PENDIENTE;;;;;;;;;;;;;;;;;;;;;;;;;;;
Congreso;2005;Hombre;Grupo;Fusión latinomaricana;Chile;PENDIENTE;PENDIENTE;PENDIENTE;;PENDIENTE;0;1;PENDIENTE;PENDIENTE;PENDIENTE;PENDIENTE;PENDIENTE;;;;;;;;;;;;;;;;;;;;;;;;;;;
Lucybell;2005;Hombre;Grupo;Rock;Chile;PENDIENTE;PENDIENTE;PENDIENTE;;PENDIENTE;0;2;PENDIENTE;PENDIENTE;PENDIENTE;PENDIENTE;PENDIENTE;;;;;;;;;;;;;;;;;;;;;;;;;;;
La Ley;2005;Mixto;Grupo;Rock;Chile;PENDIENTE;PENDIENTE;PENDIENTE;;PENDIENTE;1;2;PENDIENTE;PENDIENTE;PENDIENTE;PENDIENTE;PENDIENTE;;;;;;;;;;;;;;;;;;;;;;;;;;;
Julieta Venegas;2005;Mujer;Solista;Rock alternativo;México;PENDIENTE;PENDIENTE;PENDIENTE;;PENDIENTE;0;1;PENDIENTE;PENDIENTE;PENDIENTE;PENDIENTE;PENDIENTE;;;;;;;;;;;;;;;;;;;;;;;;;;;
Alexandre Pires;2005;Hombre;Solista;Pagode;Brasil;PENDIENTE;PENDIENTE;PENDIENTE;;PENDIENTE;1;2;PENDIENTE;PENDIENTE;PENDIENTE;PENDIENTE;PENDIENTE;;;;;;;;;;;;;;;;;;;;;;;;;;;
Café Tacuba;2005;Hombre;Grupo;Rock alternativo / folk;México;PENDIENTE;PENDIENTE;PENDIENTE;;PENDIENTE;1;2;PENDIENTE;PENDIENTE;PENDIENTE;PENDIENTE;PENDIENTE;;;;;;;;;;;;;;;;;;;;;;;;;;;
Miguel Bosé ;2005;Hombre;Solista;Pop / baladas;España;PENDIENTE;PENDIENTE;PENDIENTE;;PENDIENTE;1;2;PENDIENTE;PENDIENTE;PENDIENTE;PENDIENTE;PENDIENTE;;;;;;;;;;;;;;;;;;;;;;;;;;;
Obie bermúdez;2005;Hombre;Solista;Pop latino / salsa;Puerto Rico;PENDIENTE;PENDIENTE;PENDIENTE;;PENDIENTE;0;0;PENDIENTE;PENDIENTE;PENDIENTE;PENDIENTE;PENDIENTE;;;;;;;;;;;;;;;;;;;;;;;;;;;
David Bisbal;2005;Hombre;Solista;Pop;España;PENDIENTE;PENDIENTE;PENDIENTE;;PENDIENTE;0;2;PENDIENTE;PENDIENTE;PENDIENTE;PENDIENTE;PENDIENTE;;;;;;;;;;;;;;;;;;;;;;;;;;;
The orchestra;2005;Hombre;Grupo;Rock;Inglaterra;PENDIENTE;PENDIENTE;PENDIENTE;;PENDIENTE;0;2;PENDIENTE;PENDIENTE;PENDIENTE;PENDIENTE;PENDIENTE;;;;;;;;;;;;;;;;;;;;;;;;;;;
Marco Antonio Solis;2005;Hombre;Solista;Balada Romántica / pop;México;PENDIENTE;PENDIENTE;PENDIENTE;;PENDIENTE;1;2;PENDIENTE;PENDIENTE;PENDIENTE;PENDIENTE;PENDIENTE;;;;;;;;;;;;;;;;;;;;;;;;;;;
Fey;2005;Mujer;Solista;Pop / electrónica;México;PENDIENTE;PENDIENTE;PENDIENTE;;PENDIENTE;0;0;PENDIENTE;PENDIENTE;PENDIENTE;PENDIENTE;PENDIENTE;;;;;;;;;;;;;;;;;;;;;;;;;;;
Diego Torres;2005;Hombre;Solista;Pop latino;Argentina;PENDIENTE;PENDIENTE;PENDIENTE;;PENDIENTE;1;2;PENDIENTE;PENDIENTE;PENDIENTE;PENDIENTE;PENDIENTE;;;;;;;;;;;;;;;;;;;;;;;;;;;
Los Auténticos Decadentes ;2005;Hombre;Grupo;Rock / ska;Argentina;PENDIENTE;PENDIENTE;PENDIENTE;;PENDIENTE;0;2;PENDIENTE;PENDIENTE;PENDIENTE;PENDIENTE;PENDIENTE;;;;;;;;;;;;;;;;;;;;;;;;;;;
Cristian Castro;2004;Hombre;Solista;Balada romántica ;México;PENDIENTE;PENDIENTE;PENDIENTE;;PENDIENTE;0;1;PENDIENTE;PENDIENTE;PENDIENTE;PENDIENTE;PENDIENTE;;;;;;;;;;;;;;;;;;;;;;;;;;;
Soraya;2004;Mujer;Solista;Pop latino;Colombia;PENDIENTE;PENDIENTE;PENDIENTE;;PENDIENTE;0;1;PENDIENTE;PENDIENTE;PENDIENTE;PENDIENTE;PENDIENTE;;;;;;;;;;;;;;;;;;;;;;;;;;;
Umberto Tozzi;2004;Hombre;Solista;Pop rock;Italia;PENDIENTE;PENDIENTE;PENDIENTE;;PENDIENTE;0;1;PENDIENTE;PENDIENTE;PENDIENTE;PENDIENTE;PENDIENTE;;;;;;;;;;;;;;;;;;;;;;;;;;;
La Sonora de Tommy Rey ;2004;Hombre;Grupo;Cumbia;Chile;PENDIENTE;PENDIENTE;PENDIENTE;;PENDIENTE;1;2;PENDIENTE;PENDIENTE;PENDIENTE;PENDIENTE;PENDIENTE;;;;;;;;;;;;;;;;;;;;;;;;;;;
Marciano;2004;Hombre;Duo;Música electrónica;Chile;PENDIENTE;PENDIENTE;PENDIENTE;;PENDIENTE;0;0;PENDIENTE;PENDIENTE;PENDIENTE;PENDIENTE;PENDIENTE;;;;;;;;;;;;;;;;;;;;;;;;;;;
Camilo Sesto;2004;Hombre;Solista;Balada romántica / pop / rock;España;PENDIENTE;PENDIENTE;PENDIENTE;;PENDIENTE;1;2;PENDIENTE;PENDIENTE;PENDIENTE;PENDIENTE;PENDIENTE;;;;;;;;;;;;;;;;;;;;;;;;;;;
Douglas;2004;Hombre;Solista;Bachata / balada romántica;Chile;PENDIENTE;PENDIENTE;PENDIENTE;;PENDIENTE;0;1;PENDIENTE;PENDIENTE;PENDIENTE;PENDIENTE;PENDIENTE;;;;;;;;;;;;;;;;;;;;;;;;;;;
Bacilos;2004;Hombre;Grupo;Pop latino ;Estados Unidos;PENDIENTE;PENDIENTE;PENDIENTE;;PENDIENTE;0;1;PENDIENTE;PENDIENTE;PENDIENTE;PENDIENTE;PENDIENTE;;;;;;;;;;;;;;;;;;;;;;;;;;;
Chancho en Piedra;2004;Hombre;Grupo;Rock alternativo;Chile;PENDIENTE;PENDIENTE;PENDIENTE;;PENDIENTE;1;2;PENDIENTE;PENDIENTE;PENDIENTE;PENDIENTE;PENDIENTE;;;;;;;;;;;;;;;;;;;;;;;;;;;
Toto;2004;Hombre;Grupo;Rock;Estados Unidos;PENDIENTE;PENDIENTE;PENDIENTE;;PENDIENTE;0;1;PENDIENTE;PENDIENTE;PENDIENTE;PENDIENTE;PENDIENTE;;;;;;;;;;;;;;;;;;;;;;;;;;;
Juan Gabriel;2004;Hombre;Solista;Mariachi / bolero / balada;México;PENDIENTE;PENDIENTE;PENDIENTE;;PENDIENTE;2;2;PENDIENTE;PENDIENTE;PENDIENTE;PENDIENTE;PENDIENTE;;;;;;;;;;;;;;;;;;;;;;;;;;;
Alex Ubago;2004;Hombre;Solista;Pop rock / balada moderna ;España;PENDIENTE;PENDIENTE;PENDIENTE;;PENDIENTE;0;1;PENDIENTE;PENDIENTE;PENDIENTE;PENDIENTE;PENDIENTE;;;;;;;;;;;;;;;;;;;;;;;;;;;
Canal Magdalena;2004;Hombre;Grupo;Pop rock;Chile;PENDIENTE;PENDIENTE;PENDIENTE;;PENDIENTE;0;1;PENDIENTE;PENDIENTE;PENDIENTE;PENDIENTE;PENDIENTE;;;;;;;;;;;;;;;;;;;;;;;;;;;
Maria Jose Quintanilla;2004;Mujer;Solista;Ranchera / pop / balada ;Chile;PENDIENTE;PENDIENTE;PENDIENTE;;PENDIENTE;2;2;PENDIENTE;PENDIENTE;PENDIENTE;PENDIENTE;PENDIENTE;;;;;;;;;;;;;;;;;;;;;;;;;;;
Intii-Illimani;2004;Hombre;Grupo;Nueva canción chilena ;Chile;PENDIENTE;PENDIENTE;PENDIENTE;;PENDIENTE;2;2;PENDIENTE;PENDIENTE;PENDIENTE;PENDIENTE;PENDIENTE;;;;;;;;;;;;;;;;;;;;;;;;;;;
Tito Fernández ;2004;Hombre;Solista;Nueva canción chilena / folclore ;Chile;PENDIENTE;PENDIENTE;PENDIENTE;;PENDIENTE;2;2;PENDIENTE;PENDIENTE;PENDIENTE;PENDIENTE;PENDIENTE;;;;;;;;;;;;;;;;;;;;;;;;;;;
Pettinellis;2004;Hombre;Grupo;Rock ;Chile;PENDIENTE;PENDIENTE;PENDIENTE;;PENDIENTE;2;2;PENDIENTE;PENDIENTE;PENDIENTE;PENDIENTE;PENDIENTE;;;;;;;;;;;;;;;;;;;;;;;;;;;
Salvatore Adamo ;2004;Hombre;Solista;Balada Romántica / pop;Italia/ Bélgica;PENDIENTE;PENDIENTE;PENDIENTE;;PENDIENTE;2;2;PENDIENTE;PENDIENTE;PENDIENTE;PENDIENTE;PENDIENTE;;;;;;;;;;;;;;;;;;;;;;;;;;;
Luis Fonsi;2004;Hombre;Solista;Pop latino;Puerto Rico;PENDIENTE;PENDIENTE;PENDIENTE;;PENDIENTE;2;2;PENDIENTE;PENDIENTE;PENDIENTE;PENDIENTE;PENDIENTE;;;;;;;;;;;;;;;;;;;;;;;;;;;
Fito Páez;2004;Hombre;Solista;Rock;Argentina;PENDIENTE;PENDIENTE;PENDIENTE;;PENDIENTE;2;2;PENDIENTE;PENDIENTE;PENDIENTE;PENDIENTE;PENDIENTE;;;;;;;;;;;;;;;;;;;;;;;;;;;
Molotov;2004;Hombre;Grupo;Punk rock;México;PENDIENTE;PENDIENTE;PENDIENTE;;PENDIENTE;1;2;PENDIENTE;PENDIENTE;PENDIENTE;PENDIENTE;PENDIENTE;;;;;;;;;;;;;;;;;;;;;;;;;;;
Ricardo Arjona;2004;Hombre;Solista;Pop latino;Guatemala;PENDIENTE;PENDIENTE;PENDIENTE;;PENDIENTE;2;2;PENDIENTE;PENDIENTE;PENDIENTE;PENDIENTE;PENDIENTE;;;;;;;;;;;;;;;;;;;;;;;;;;;
DJ Méndez;2004;Hombre;Solista;Rap / urbano / hip hop;Chile;PENDIENTE;PENDIENTE;PENDIENTE;;PENDIENTE;1;2;PENDIENTE;PENDIENTE;PENDIENTE;PENDIENTE;PENDIENTE;;;;;;;;;;;;;;;;;;;;;;;;;;;
Jarabe de palo;2004;Hombre;Grupo;Rock;España;PENDIENTE;PENDIENTE;PENDIENTE;;PENDIENTE;0;0;PENDIENTE;PENDIENTE;PENDIENTE;PENDIENTE;PENDIENTE;;;;;;;;;;;;;;;;;;;;;;;;;;;
Safri Duo;2004;Hombre;Grupo;Música electrónica / trance ;Dinamarca;PENDIENTE;PENDIENTE;PENDIENTE;;PENDIENTE;0;2;PENDIENTE;PENDIENTE;PENDIENTE;PENDIENTE;PENDIENTE;;;;;;;;;;;;;;;;;;;;;;;;;;;
Maná;2003;Hombre;Grupo;Rock;México;PENDIENTE;PENDIENTE;PENDIENTE;;PENDIENTE;0;1;PENDIENTE;PENDIENTE;PENDIENTE;PENDIENTE;PENDIENTE;;;;;;;;;;;;;;;;;;;;;;;;;;;
Kool & the Gang;2003;Hombre;Grupo;R&B / soul / funk ;Estados Unidos;PENDIENTE;PENDIENTE;PENDIENTE;;PENDIENTE;0;0;PENDIENTE;PENDIENTE;PENDIENTE;PENDIENTE;PENDIENTE;;;;;;;;;;;;;;;;;;;;;;;;;;;
Diego Torres;2003;Hombre;Solista;Pop latino;Argentina;PENDIENTE;PENDIENTE;PENDIENTE;;PENDIENTE;0;1;PENDIENTE;PENDIENTE;PENDIENTE;PENDIENTE;PENDIENTE;;;;;;;;;;;;;;;;;;;;;;;;;;;
Juanes ;2003;Hombre;Solista;Pop latino / rock;Colombia;PENDIENTE;PENDIENTE;PENDIENTE;;PENDIENTE;0;1;PENDIENTE;PENDIENTE;PENDIENTE;PENDIENTE;PENDIENTE;;;;;;;;;;;;;;;;;;;;;;;;;;;
Porto Bahía;2003;Mixto;Grupo;Ritmos brasileños y latinos ;Brasil / Chile;PENDIENTE;PENDIENTE;PENDIENTE;;PENDIENTE;0;0;PENDIENTE;PENDIENTE;PENDIENTE;PENDIENTE;PENDIENTE;;;;;;;;;;;;;;;;;;;;;;;;;;;
Lucybell;2003;Hombre;Grupo;Rock;Chile;PENDIENTE;PENDIENTE;PENDIENTE;;PENDIENTE;0;2;PENDIENTE;PENDIENTE;PENDIENTE;PENDIENTE;PENDIENTE;;;;;;;;;;;;;;;;;;;;;;;;;;;
INXS;2003;Hombre;Grupo;Rock alternativo / new wave ;Australia;PENDIENTE;PENDIENTE;PENDIENTE;;PENDIENTE;0;1;PENDIENTE;PENDIENTE;PENDIENTE;PENDIENTE;PENDIENTE;;;;;;;;;;;;;;;;;;;;;;;;;;;
David Bisbal;2003;Hombre;Solista;Pop;España;PENDIENTE;PENDIENTE;PENDIENTE;;PENDIENTE;0;0;PENDIENTE;PENDIENTE;PENDIENTE;PENDIENTE;PENDIENTE;;;;;;;;;;;;;;;;;;;;;;;;;;;
Rosario;2003;Mujer;Solista;Pop / rock / flamenco;España;PENDIENTE;PENDIENTE;PENDIENTE;;PENDIENTE;0;1;PENDIENTE;PENDIENTE;PENDIENTE;PENDIENTE;PENDIENTE;;;;;;;;;;;;;;;;;;;;;;;;;;;
Gondwana;2003;Hombre;Grupo;Reggae;Chile;PENDIENTE;PENDIENTE;PENDIENTE;;PENDIENTE;0;2;PENDIENTE;PENDIENTE;PENDIENTE;PENDIENTE;PENDIENTE;;;;;;;;;;;;;;;;;;;;;;;;;;;
Joe Vasconcellos;2003;Hombre;Solista;Pop rock;Chile;PENDIENTE;PENDIENTE;PENDIENTE;;PENDIENTE;0;2;PENDIENTE;PENDIENTE;PENDIENTE;PENDIENTE;PENDIENTE;;;;;;;;;;;;;;;;;;;;;;;;;;;
Los prisioneros;2003;Hombre;Grupo;Rock;Chile;PENDIENTE;PENDIENTE;PENDIENTE;;PENDIENTE;1;2;PENDIENTE;PENDIENTE;PENDIENTE;PENDIENTE;PENDIENTE;;;;;;;;;;;;;;;;;;;;;;;;;;;
Charly García;2003;Hombre;Solista;Rock / pop / jazz;Argentina;PENDIENTE;PENDIENTE;PENDIENTE;;PENDIENTE;0;1;PENDIENTE;PENDIENTE;PENDIENTE;PENDIENTE;PENDIENTE;;;;;;;;;;;;;;;;;;;;;;;;;;;
Los Nocheros;2003;Hombre;Grupo;Balada folclórica;Argentina;PENDIENTE;PENDIENTE;PENDIENTE;;PENDIENTE;1;2;PENDIENTE;PENDIENTE;PENDIENTE;PENDIENTE;PENDIENTE;;;;;;;;;;;;;;;;;;;;;;;;;;;
Franco Simone;2003;Hombre;Solista;Pop / balada romántica ;Italia;PENDIENTE;PENDIENTE;PENDIENTE;;PENDIENTE;0;1;PENDIENTE;PENDIENTE;PENDIENTE;PENDIENTE;PENDIENTE;;;;;;;;;;;;;;;;;;;;;;;;;;;
Café con leche;2003;Hombre;Grupo;Axé;Chile / Brasil;PENDIENTE;PENDIENTE;PENDIENTE;;PENDIENTE;0;1;PENDIENTE;PENDIENTE;PENDIENTE;PENDIENTE;PENDIENTE;;;;;;;;;;;;;;;;;;;;;;;;;;;
Ricardo Montaner;2003;Hombre;Solista;Balada romántica;Venezuela;PENDIENTE;PENDIENTE;PENDIENTE;;PENDIENTE;1;2;PENDIENTE;PENDIENTE;PENDIENTE;PENDIENTE;PENDIENTE;;;;;;;;;;;;;;;;;;;;;;;;;;;
Luis Jara;2003;Hombre;Solista;Romántico;Chile;PENDIENTE;PENDIENTE;PENDIENTE;;PENDIENTE;1;2;PENDIENTE;PENDIENTE;PENDIENTE;PENDIENTE;PENDIENTE;;;;;;;;;;;;;;;;;;;;;;;;;;;
Sandy & Junior;2003;Mixto;Duo;Pop;Brasil;PENDIENTE;PENDIENTE;PENDIENTE;;PENDIENTE;0;0;PENDIENTE;PENDIENTE;PENDIENTE;PENDIENTE;PENDIENTE;;;;;;;;;;;;;;;;;;;;;;;;;;;
Los Ilegales;2003;Hombre;Grupo;Latino / tropical;República Domicana ;PENDIENTE;PENDIENTE;PENDIENTE;;PENDIENTE;0;1;PENDIENTE;PENDIENTE;PENDIENTE;PENDIENTE;PENDIENTE;;;;;;;;;;;;;;;;;;;;;;;;;;;
Cristian Castro;2002;Hombre;Solista;Balada romántica ;México;PENDIENTE;PENDIENTE;PENDIENTE;;PENDIENTE;0;1;PENDIENTE;PENDIENTE;PENDIENTE;PENDIENTE;PENDIENTE;;;;;;;;;;;;;;;;;;;;;;;;;;;
As meninas;2002;Mujer;Grupo;Axé / pop;Brasil;PENDIENTE;PENDIENTE;PENDIENTE;;PENDIENTE;0;0;PENDIENTE;PENDIENTE;PENDIENTE;PENDIENTE;PENDIENTE;;;;;;;;;;;;;;;;;;;;;;;;;;;
Sergio Dalma;2002;Hombre;Solista;Pop;España;PENDIENTE;PENDIENTE;PENDIENTE;;PENDIENTE;0;0;PENDIENTE;PENDIENTE;PENDIENTE;PENDIENTE;PENDIENTE;;;;;;;;;;;;;;;;;;;;;;;;;;;
Chocolate y nietos del futuro;2002;Hombre;Grupo;Plena rioplatense;Uruguay;PENDIENTE;PENDIENTE;PENDIENTE;;PENDIENTE;0;0;PENDIENTE;PENDIENTE;PENDIENTE;PENDIENTE;PENDIENTE;;;;;;;;;;;;;;;;;;;;;;;;;;;
Paulina Rubio;2002;Mujer;Solista;Pop latino;México;PENDIENTE;PENDIENTE;PENDIENTE;;PENDIENTE;0;0;PENDIENTE;PENDIENTE;PENDIENTE;PENDIENTE;PENDIENTE;;;;;;;;;;;;;;;;;;;;;;;;;;;
Melody;2002;Mujer;Solista;Pop latino / flamenco;España;PENDIENTE;PENDIENTE;PENDIENTE;;PENDIENTE;0;0;PENDIENTE;PENDIENTE;PENDIENTE;PENDIENTE;PENDIENTE;;;;;;;;;;;;;;;;;;;;;;;;;;;
Axé Bahía;2002;Mixto;Grupo;Axé / europop;Brasil;PENDIENTE;PENDIENTE;PENDIENTE;;PENDIENTE;0;0;PENDIENTE;PENDIENTE;PENDIENTE;PENDIENTE;PENDIENTE;;;;;;;;;;;;;;;;;;;;;;;;;;;
Ricardo Montaner;2002;Hombre;Solista;Balada romántica;Venezuela;PENDIENTE;PENDIENTE;PENDIENTE;;PENDIENTE;0;0;PENDIENTE;PENDIENTE;PENDIENTE;PENDIENTE;PENDIENTE;;;;;;;;;;;;;;;;;;;;;;;;;;;
Piero;2002;Hombre;Solista;Trova / rock;Argentina / Italia ;PENDIENTE;PENDIENTE;PENDIENTE;;PENDIENTE;0;0;PENDIENTE;PENDIENTE;PENDIENTE;PENDIENTE;PENDIENTE;;;;;;;;;;;;;;;;;;;;;;;;;;;
DJ Méndez;2002;Hombre;Solista;Rap / urbano / hip hop;Chile ;PENDIENTE;PENDIENTE;PENDIENTE;;PENDIENTE;0;1;PENDIENTE;PENDIENTE;PENDIENTE;PENDIENTE;PENDIENTE;;;;;;;;;;;;;;;;;;;;;;;;;;;
La Ley;2002;Mixto;Grupo;Rock;Chile ;PENDIENTE;PENDIENTE;PENDIENTE;;PENDIENTE;0;1;PENDIENTE;PENDIENTE;PENDIENTE;PENDIENTE;PENDIENTE;;;;;;;;;;;;;;;;;;;;;;;;;;;
Javiera y los imposibles;2002;Mixto;Grupo;Pop rock;Chile ;PENDIENTE;PENDIENTE;PENDIENTE;;PENDIENTE;0;1;PENDIENTE;PENDIENTE;PENDIENTE;PENDIENTE;PENDIENTE;;;;;;;;;;;;;;;;;;;;;;;;;;;
Tito Fernández ;2002;Hombre;Solista;Nueva canción chilena / folclore ;Chile ;PENDIENTE;PENDIENTE;PENDIENTE;;PENDIENTE;0;0;PENDIENTE;PENDIENTE;PENDIENTE;PENDIENTE;PENDIENTE;;;;;;;;;;;;;;;;;;;;;;;;;;;
Lucho Gatica;2002;Hombre;Solista;Bolero;Chile ;PENDIENTE;PENDIENTE;PENDIENTE;;PENDIENTE;0;0;PENDIENTE;PENDIENTE;PENDIENTE;PENDIENTE;PENDIENTE;;;;;;;;;;;;;;;;;;;;;;;;;;;
Buddy Richard;2002;Hombre;Solista;Nueva ola / balada / rock;Chile ;PENDIENTE;PENDIENTE;PENDIENTE;;PENDIENTE;0;1;PENDIENTE;PENDIENTE;PENDIENTE;PENDIENTE;PENDIENTE;;;;;;;;;;;;;;;;;;;;;;;;;;;
Illapu;2002;Hombre;Grupo;Música andina / fusión latinoamericana;Chile ;PENDIENTE;PENDIENTE;PENDIENTE;;PENDIENTE;0;1;PENDIENTE;PENDIENTE;PENDIENTE;PENDIENTE;PENDIENTE;;;;;;;;;;;;;;;;;;;;;;;;;;;
Natalia oreiro;2002;Mujer;Solista;Pop latino / dance ;Uruguay;PENDIENTE;PENDIENTE;PENDIENTE;;PENDIENTE;0;0;PENDIENTE;PENDIENTE;PENDIENTE;PENDIENTE;PENDIENTE;;;;;;;;;;;;;;;;;;;;;;;;;;;
German Casas ;2002;Hombre;Solista;Rock and roll / twist;Chile ;PENDIENTE;PENDIENTE;PENDIENTE;;PENDIENTE;1;1;PENDIENTE;PENDIENTE;PENDIENTE;PENDIENTE;PENDIENTE;;;;;;;;;;;;;;;;;;;;;;;;;;;
Juan Gabriel;2002;Hombre;Solista;Mariachi / bolero / balada;México;PENDIENTE;PENDIENTE;PENDIENTE;;PENDIENTE;0;1;PENDIENTE;PENDIENTE;PENDIENTE;PENDIENTE;PENDIENTE;;;;;;;;;;;;;;;;;;;;;;;;;;;
Los Auténticos Decadentes ;2002;Hombre;Grupo;Rock / ska;Argentina;PENDIENTE;PENDIENTE;PENDIENTE;;PENDIENTE;0;1;PENDIENTE;PENDIENTE;PENDIENTE;PENDIENTE;PENDIENTE;;;;;;;;;;;;;;;;;;;;;;;;;;;
Chayanne;2002;Hombre;Solista;Pop latino;Puerto Rico;PENDIENTE;PENDIENTE;PENDIENTE;;PENDIENTE;1;1;PENDIENTE;PENDIENTE;PENDIENTE;PENDIENTE;PENDIENTE;;;;;;;;;;;;;;;;;;;;;;;;;;;
Soledad Pastorutti;2002;Mujer;Solista;Folclore argentino / pop;Argentina;PENDIENTE;PENDIENTE;PENDIENTE;;PENDIENTE;0;1;PENDIENTE;PENDIENTE;PENDIENTE;PENDIENTE;PENDIENTE;;;;;;;;;;;;;;;;;;;;;;;;;;;
Patricia Manterola;2002;Mujer;Solista;Latino;México;PENDIENTE;PENDIENTE;PENDIENTE;;PENDIENTE;0;0;PENDIENTE;PENDIENTE;PENDIENTE;PENDIENTE;PENDIENTE;;;;;;;;;;;;;;;;;;;;;;;;;;;
Los Jaivas;2002;Mixto;Grupo;Rock folclórico;Chile;PENDIENTE;PENDIENTE;PENDIENTE;;PENDIENTE;0;1;PENDIENTE;PENDIENTE;PENDIENTE;PENDIENTE;PENDIENTE;;;;;;;;;;;;;;;;;;;;;;;;;;;
Cecilia Echenique;2002;Mujer;Solista;Pop latino / balada romántica;Chile;PENDIENTE;PENDIENTE;PENDIENTE;;PENDIENTE;0;1;PENDIENTE;PENDIENTE;PENDIENTE;PENDIENTE;PENDIENTE;;;;;;;;;;;;;;;;;;;;;;;;;;;
Myriam Hernandez;2002;Mujer;Solista;Balada romántica;Chile;PENDIENTE;PENDIENTE;PENDIENTE;;PENDIENTE;1;1;PENDIENTE;PENDIENTE;PENDIENTE;PENDIENTE;PENDIENTE;;;;;;;;;;;;;;;;;;;;;;;;;;;
Fito Páez;2002;Hombre;Solista;Rock;Argentina;PENDIENTE;PENDIENTE;PENDIENTE;;PENDIENTE;1;1;PENDIENTE;PENDIENTE;PENDIENTE;PENDIENTE;PENDIENTE;;;;;;;;;;;;;;;;;;;;;;;;;;;
Victor Heredia;2002;Hombre;Solista;Trova / canción protesta;Argentina;PENDIENTE;PENDIENTE;PENDIENTE;;PENDIENTE;0;0;PENDIENTE;PENDIENTE;PENDIENTE;PENDIENTE;PENDIENTE;;;;;;;;;;;;;;;;;;;;;;;;;;;
;;;;;;;;;;;;;;;;;;;;;;;;;;;;;;;;;;;;;;;;;;;;
;;;;;;;;;;;;;;;;;;;;;;;;;;;;;;;;;;;;;;;;;;;;
;;;;;;;;;;;;;;;;;;;;;;;;;;;;;;;;;;;;;;;;;;;;
;;;;;;;;;;;;;;;;;;;;;;;;;;;;;;;;;;;;;;;;;;;;
;;;;;;;;;;;;;;;;;;;;;;;;;;;;;;;;;;;;;;;;;;;;
;;;;;;;;;;;;;;;;;;;;;;;;;;;;;;;;;;;;;;;;;;;;
;;;;;;;;;;;;;;;;;;;;;;;;;;;;;;;;;;;;;;;;;;;;
;;;;;;;;;;;;;;;;;;;;;;;;;;;;;;;;;;;;;;;;;;;;
;;;;;;;;;;;;;;;;;;;;;;;;;;;;;;;;;;;;;;;;;;;;
;;;;;;;;;;;;;;;;;;;;;;;;;;;;;;;;;;;;;;;;;;;;
;;;;;;;;;;;;;;;;;;;;;;;;;;;;;;;;;;;;;;;;;;;;
;;;;;;;;;;;;;;;;;;;;;;;;;;;;;;;;;;;;;;;;;;;;
;;;;;;;;;;;;;;;;;;;;;;;;;;;;;;;;;;;;;;;;;;;;
;;;;;;;;;;;;;;;;;;;;;;;;;;;;;;;;;;;;;;;;;;;;
;;;;;;;;;;;;;;;;;;;;;;;;;;;;;;;;;;;;;;;;;;;;
;;;;;;;;;;;;;;;;;;;;;;;;;;;;;;;;;;;;;;;;;;;;
;;;;;;;;;;;;;;;;;;;;;;;;;;;;;;;;;;;;;;;;;;;;
;;;;;;;;;;;;;;;;;;;;;;;;;;;;;;;;;;;;;;;;;;;;
;;;;;;;;;;;;;;;;;;;;;;;;;;;;;;;;;;;;;;;;;;;;
;;;;;;;;;;;;;;;;;;;;;;;;;;;;;;;;;;;;;;;;;;;;
;;;;;;;;;;;;;;;;;;;;;;;;;;;;;;;;;;;;;;;;;;;;
;;;;;;;;;;;;;;;;;;;;;;;;;;;;;;;;;;;;;;;;;;;;
;;;;;;;;;;;;;;;;;;;;;;;;;;;;;;;;;;;;;;;;;;;;
;;;;;;;;;;;;;;;;;;;;;;;;;;;;;;;;;;;;;;;;;;;;
